Store ID,Agent,Tenure,Payemnt Info [ System Rentals ] [ FoodHub ],Payemnt Info [ System Rentals ] [ Datman ],Mandate,System Type,Subscribed Tech,Gpin Status,Competitor Name,Number of Google Reviews,Any visible issue with the page?,Google Rating,Google page issue,Food Delivery platforms,Other POS Providers,Others,Avverage Online,Offline Online
820778,Hossam,5.1,6,17,Deactivated,APOS,APP,Unverified,OrderYoYo,59,No,3.2,,None visible,Order YOYO,,3,0
487,Ibrahim,14,21,25,Active,EPOS,APP,Verified,,423,No,3.1,,"Just Eat, Uber Eats",None,,4,0
6062,Kareem,10.3,10,20,Active,EPOS,None,Unverified,,2905,Yes,4.9,You have been blocked,None visible,None,,4,95
802807,Ibrahim,6.4,7,18,Active,EPOS,None,Unverified,action prompt,64,No,4,,"Just Eat, Deliveroo",Action prompt / Feed Me Online,,4,0
805956,Tarek,6.1,7,18,Deactivated,APOS,"PDQ, APP",Unverified,FMO,124,No,3.2,,Deliveroo,Others,,4,0
811833,Ibrahim,5.7,5,17,Deactivated,EPOS,None,Unverified,Street webdesign,814,No,4.7,,None visible,Others,Street-webdesign,4,0
843909,Kareem,4.4,0,0,Deactivated,APOS,None,Verified,,282,No,4.6,,"Uber Eats, Deliveroo",None,,4,0
844474,Kareem,4.4,0,0,Deactivated,APOS,None,Unverified,feed me online,34,No,4,,"Just Eat, Uber Eats",Action prompt / Feed Me Online,,4,0
800430,Hossam,6.7,2,12,Active,EPOS,"PDQ, APP, Third party integration",Unverified,BookyUp,188,No,3.7,,"Just Eat, Uber Eats, Deliveroo",Others,BookyUp,5,18
803579,Hossam,6.2,0,0,Active,APOS,"PDQ, APP",Unverified,FMO / ActionPrompt,35,No,3.7,,"Just Eat, Uber Eats, Deliveroo",Action prompt / Feed Me Online,,5,0
799372,Kareem,6.9,2,10,Active,APOS,APP,Unverified,,98,Yes,3.4,"Sorry, you have been blocked",Uber Eats,Others,KUKD.com,5,0
807249,Ibrahim,5.11,6,12,Deactivated,EPOS,None,Verified,,366,No,3.1,,None visible,None,,5,0
809305,Tarek,5.9,7,18,Active,APOS,PDQ,Unverified,not find,190,No,4.5,,Deliveroo,None,,5,18
811123,Tarek,5.7,0,0,Deactivated,EPOS,None,Verified,,23,No,3.1,,"Just Eat, Uber Eats",First Choice,,5,0
811922,Tarek,5.6,7,18,Active,APOS,None,Unverified,FMO,108,No,4.3,,Other,Others,,5,0
815531,Kareem,5.4,7,18,Active,APOS,None,Verified,,123,No,4,,"Just Eat, Uber Eats",None,,5,0
824773,Kareem,5,6,12,Active,APOS,APP,Verified,,231,No,4.7,,None visible,None,,5,0
835755,Kareem,4.6,6,17,Active,APOS,APP,Verified,,209,No,4,,"Just Eat, Uber Eats",Others,xpert pos,5,0
852054,Kareem,3.11,7,13,Active,APOS,PDQ,Verified,,419,No,4,,"Just Eat, Uber Eats, Deliveroo",None,,5,0
865986,Kareem,2.11,7,18,Active,APOS,APP,Verified,,79,No,46,,"Just Eat, Uber Eats",None,,5,0
817411,Ibrahim,5.3,6,12,Active,EPOS,None,Verified,,36,No,4.4,,None visible,None,,5,0
817873,Ibrahim,5.3,12,23,Deactivated,EPOS,None,Verified,,5,No,2.6,,"Just Eat, Uber Eats",None,,5,0
840138,Ibrahim,4.5,0,0,Active,APOS,PDQ,Verified,,75,No,4.8,,Just Eat,None,,5,0
492,Tarek,14,2,23,Active,EPOS,APP,Unverified,flipdish,375,No,4.7,,Deliveroo,None,,6,2
797046,Hossam,7.2,5,20,Active,EPOS,APP,Unverified,OrderYoYo,103,No,2.5,,"Just Eat, Uber Eats",Order YOYO,,6,0
802533,Hossam,6.4,6,15,Deactivated,APOS,None,Unverified,FMO / ActionPrompt,19,No,1.7,,None visible,Action prompt / Feed Me Online,,6,0
806902,Hossam,6,0,0,Deactivated,APOS,None,Unverified,OrderYoYo,175,No,3.6,,"Just Eat, Uber Eats",Order YOYO,,6,0
803103,Kareem,6.3,12,22,Active,EPOS,PDQ,Unverified,order sense,194,No,3,,Deliveroo,Order YOYO,,6,16
866603,Hossam,2.9,7,18,Active,APOS,"PDQ, APP",Verified,,227,No,3,,"Just Eat, Uber Eats, Deliveroo",None,,6,0
809932,Kareem,5.8,0,17,Deactivated,APOS,None,Unverified,order yoyo,91,No,4.1,,Just Eat,Order YOYO,,6,0
813960,Kareem,5.5,0,12,Deactivated,APOS,PDQ,Verified,,146,No,2,,None visible,None,,6,0
817828,Kareem,5.3,6,17,Active,APOS,None,Verified,,48,No,2.5,,"Just Eat, Deliveroo",None,,6,0
872910,Hossam,1.1,7,18,Active,APOS,APP,Unverified,Flipdish,789,No,4.1,,"Just Eat, Deliveroo",Others,Flipdish,6,0
820301,Kareem,5.2,5,8,Active,APOS,APP,Unverified,mealzo,227,No,3.1,,"Just Eat, Uber Eats",Melzo,,6,0
823834,Kareem,5,6,12,Active,APOS,"PDQ, APP, Third party integration",Verified,,89,No,4.7,,Just Eat,None,,6,14
838823,Kareem,4.5,0,0,Deactivated,APOS,None,Unverified,order yoyo,42,No,3.8,,"Just Eat, Uber Eats",Order YOYO,,6,0
840375,Kareem,4.5,0,0,Active,APOS,None,Unverified,order yoyo,76,No,4.3,,None visible,Order YOYO,,6,0
839245,Ibrahim,4.5,1,0,Active,EPOS,APP,Verified,,175,No,4,,Just Eat,None,,6,0
840402,Ibrahim,4.5,6,12,Active,APOS,"PDQ, APP",Verified,,108,No,4.9,,Deliveroo,None,,6,2
858823,Ibrahim,3.6,7,18,Active,APOS,APP,Verified,,58,Yes,3.9,permanently closed,Uber Eats,None,,6,0
860926,Ibrahim,3.4,0,0,Deactivated,APOS,None,Verified,,608,No,4.7,,"Just Eat, Deliveroo",None,,6,0
8837,Ibrahim,8,12,23,Active,EPOS,APP,Verified,,125,No,2.6,,"Just Eat, Uber Eats",None,,7,4
793578,Tarek,7.11,0,0,Deactivated,Web Only,None,Unverified,elipos,971,No,4.4,,"Just Eat, Uber Eats, Deliveroo",Others,elipos,7,0
797650,Hossam,7,12,17,Deactivated,APOS,None,Unverified,FMO / ActionPrompt,83,No,3.9,,"Just Eat, Uber Eats, Deliveroo",Action prompt / Feed Me Online,,7,0
797812,Hossam,7,12,22,Active,EPOS,None,Verified,,153,No,3.5,,"Just Eat, Uber Eats, Deliveroo",Action prompt / Feed Me Online,,7,0
799331,Ibrahim,6.9,7,18,Active,EPOS,None,Verified,,2200,No,3.4,,Uber Eats,None,,7,0
824684,Hossam,5,0,12,Active,APOS,PDQ,Unverified,OrderYoYo,137,No,4.4,,Uber Eats,Order YOYO,,7,13
795029,Kareem,7.6,6,12,Active,EPOS,"PDQ, APP",Unverified,Feedme Online,91,No,3.2,,Just Eat,Action prompt / Feed Me Online,,7,0
830891,Hossam,4.9,6,12,Active,APOS,PDQ,Unverified,Native website,383,No,4.7,,Uber Eats,None,,7,0
799765,Kareem,6.8,0,0,Active,APOS,APP,Verified,,134,No,4.4,,Deliveroo,None,,7,0
803547,Ibrahim,6.2,12,23,Active,EPOS,"PDQ, APP",Unverified,startbase ltd,103,No,4.2,,None visible,Others,startbase ltd,7,21
865531,Hossam,2.11,7,18,Active,APOS,None,Unverified,OrderE,86,No,4.6,,"Just Eat, Deliveroo",Others,OrderE,7,0
866374,Hossam,2.1,7,18,Active,APOS,None,Unverified,OrderYoYo,128,No,3.6,,"Just Eat, Uber Eats",Order YOYO,,7,0
812703,Tarek,5.6,7,18,Deactivated,APOS,None,Verified,,238,No,3.7,,"Just Eat, Uber Eats, Deliveroo",First Choice,,7,0
809794,Kareem,5.8,0,17,Deactivated,APOS,None,Verified,,375,No,4,,Just Eat,None,,7,0
812535,Ibrahim,5.6,12,23,Active,EPOS,APP,Verified,,11,No,4.3,,None visible,Others,WTP Media,7,1
824435,Kareem,5,6,12,Deactivated,APOS,PDQ,Unverified,feed me online,252,No,4.6,,"Just Eat, Uber Eats, Deliveroo",Action prompt / Feed Me Online,,7,0
856610,Kareem,3.7,12,18,Active,EPOS,Third party integration,Unverified,,161,No,3.3,,"Just Eat, Uber Eats, Deliveroo",None,,7,0
820328,Ibrahim,5.2,7,18,Active,EPOS,PDQ,Unverified,order yoyo,633,No,4.3,,"Just Eat, Uber Eats",Order YOYO,,7,0
838441,Ibrahim,4.5,0,0,Active,APOS,APP,Verified,,92,No,3.5,,"Just Eat, Uber Eats",Others,signsprint.co.uk,7,0
868303,Kareem,2.6,5,15,Active,EPOS,APP,Verified,,11,No,3,,Just Eat,None,,7,61
856412,Ibrahim,3.8,12,23,Deactivated,EPOS,APP,Verified,,141,No,3.6,,"Just Eat, Uber Eats",None,,7,0
860505,Ibrahim,3.4,7,18,Active,APOS,None,Unverified,action prompt ltd,103,No,3.7,,"Just Eat, Deliveroo",Action prompt / Feed Me Online,,7,0
865394,Ibrahim,2.11,0,0,Active,APOS,None,Verified,,33,No,4.2,,Deliveroo,None,,7,0
792978,Tarek,8.1,15,6,Active,APOS,PDQ,Unverified,feed me online,638,No,4.2,,"Just Eat, Deliveroo",Others,fmo,8,0
797804,Tarek,7,2,15,Active,APOS,APP,Unverified,melzo,316,No,3.6,,"Just Eat, Uber Eats, Deliveroo",Melzo,,8,0
799734,Tarek,6.8,12,23,Deactivated,EPOS,APP,Unverified,,4,Yes,4,shows as closed,None visible,None,,8,0
810970,Hossam,5.7,0,0,Deactivated,APOS,None,Not found,,,,,,Just Eat,None,,8,2
817133,Hossam,5.3,7,18,Active,APOS,"PDQ, APP",Not found,,,,,,"Just Eat, Uber Eats, Deliveroo",None,,8,4
820065,Hossam,5.2,12,23,Active,EPOS,None,Unverified,Wrong website,281,Yes,4.2,Wrong website,Just Eat,None,,8,0
792953,Kareem,8.2,0,0,Deactivated,EPOS,None,Verified,,118,No,3,,Uber Eats,None,,8,88
803157,Tarek,6.3,6,12,Active,APOS,None,Unverified,n/a,259,No,4.9,,Other,None,,8,0
798742,Kareem,6.1,10,15,Active,EPOS,APP,Verified,,178,No,3.8,,None visible,None,,8,10
852807,Hossam,3.11,0,0,Deactivated,Web Only,None,Unverified,,82,Yes,4.7,No website button,None visible,None,,8,0
808438,Ibrahim,5.1,2,12,Deactivated,EPOS,None,Verified,,136,No,4.2,,Just Eat,None,,8,0
854707,Hossam,3.9,12,23,Active,EPOS,"APP, Third party integration",Unverified,squaremeal,121,No,4.8,,None visible,None,squaremeal,8,27
810702,Tarek,5.7,0,0,Active,Web Only,APP,Unverified,order yoyo,281,No,3.7,,Just Eat,Order YOYO,,8,0
818024,Kareem,5.3,6,12,Active,APOS,APP,Verified,,66,No,4.2,,None visible,None,,8,0
816160,Ibrahim,5.4,0,17,Active,EPOS,None,Unverified,One Agency Limited,308,No,4,,None visible,Others,One Agency Limited,8,0
882972,Hossam,0.6,7,18,Active,APOS,PDQ,Unverified,,210,No,4.5,,"Just Eat, Uber Eats, Deliveroo",None,,8,1
886122,Hossam,0.3,12,23,Active,EPOS,None,Verified,,27,No,4.9,,"Just Eat, Uber Eats",None,,8,53
822087,Kareem,5.1,10,15,Active,APOS,None,Unverified,Unknown,264,No,4.1,,None visible,None,,8,0
858220,Kareem,3.6,7,18,Active,APOS,"APP, Third party integration",Not found,,,,,,Uber Eats,None,,8,17
844581,Ibrahim,4.4,0,0,Active,APOS,None,Verified,,126,No,4.2,,Uber Eats,Others,unknown,8,0
795087,Ibrahim,7.6,12,15,Deactivated,EPOS,None,Verified,,45,No,3.8,,"Just Eat, Uber Eats",None,,9,7
796792,Ibrahim,7.3,2,10,Active,EPOS,None,Verified,,172,No,3.7,,"Just Eat, Uber Eats",None,,9,0
796834,Ibrahim,7.2,7,18,Active,EPOS,APP,Unverified,Mealzo,43,No,4.7,,Just Eat,Melzo,,9,0
797261,Ibrahim,7.1,12,18,Active,EPOS,None,Unverified,ORDER YOYO,117,No,3.9,,"Just Eat, Uber Eats, Deliveroo",Order YOYO,,9,1
796325,Hossam,7.3,2,10,Active,APOS,Third party integration,Unverified,BookyUp,89,No,4.6,,"Just Eat, Uber Eats",None,,9,58
796680,Hossam,7.3,0,0,Deactivated,EPOS,None,Not found,,,,,,None visible,None,,9,44
798222,Ibrahim,6.11,0,0,Active,EPOS,APP,Unverified,Startbase LTD,534,No,4,,None visible,"Order YOYO, Others",,9,0
801800,Tarek,6.5,2,10,Active,APOS,"APP, Third party integration",Unverified,not found,11,No,2.7,,"Uber Eats, Deliveroo",None,,9,0
795637,Kareem,7.5,2,15,Active,APOS,APP,Unverified,ordery oyo,56,No,3.7,,Just Eat,Order YOYO,,9,0
804946,Tarek,6.2,0,0,Active,APOS,None,Verified,,38,No,3.4,,"Just Eat, Uber Eats, Deliveroo",First Choice,,9,0
797049,Kareem,7.2,6,10,Deactivated,APOS,None,Unverified,order yoyo,117,No,3.1,,None visible,Order YOYO,,9,0
837624,Hossam,4.5,0,0,Active,APOS,PDQ,Unverified,FMO / ActionPrompt,2,No,3,,"Just Eat, Uber Eats",Action prompt / Feed Me Online,,9,36
802241,Ibrahim,6.5,2,10,Active,EPOS,None,Unverified,EAT DIRECT,191,No,3.9,,"Just Eat, Uber Eats, Deliveroo","Order YOYO, Others",EAT DIRECT,9,0
847689,Hossam,4.2,6,12,Active,APOS,None,Verified,,310,No,4.4,,Uber Eats,None,,9,0
854425,Hossam,3.9,4,23,Active,EPOS,None,Unverified,Native website,165,No,4.3,,"Just Eat, Uber Eats, Deliveroo",None,,9,91
805456,Ibrahim,6.1,7,18,Active,EPOS,PDQ,Unverified,kukd,52,No,4,,Just Eat,Others,kukd,9,24
808741,Tarek,5.1,0,12,Active,APOS,Third party integration,Unverified,himself,0,No,0,,Other,Others,,9,0
815014,Kareem,5.5,0,17,Active,EPOS,None,Unverified,eatzy,194,No,3.7,,"Just Eat, Uber Eats, Deliveroo",Others,eatzy,9,0
868691,Hossam,2.5,7,18,Active,APOS,None,Unverified,Native website,51,No,4.3,,"Just Eat, Uber Eats",None,,9,0
812932,Ibrahim,5.6,0,0,Active,EPOS,APP,Not found,,,,,,"Just Eat, Uber Eats, Deliveroo",Others,,9,0
874415,Hossam,1.7,12,23,Active,EPOS,Third party integration,Verified,,156,No,4.6,,"Just Eat, Uber Eats",None,,9,53
824992,Kareem,5,6,12,Active,APOS,None,Unverified,feed me online,151,No,4.5,,"Just Eat, Uber Eats",Action prompt / Feed Me Online,,9,0
837458,Kareem,4.6,0,0,Active,APOS,APP,Unverified,order sense,138,No,4.8,,"Just Eat, Deliveroo",Others,order sense,9,0
845351,Kareem,4.3,6,12,Active,APOS,APP,Unverified,order yoyo,73,No,3.9,,"Other, None visible",Order YOYO,,9,1
858752,Kareem,3.6,0,0,Deactivated,APOS,None,Unverified,,87,No,3.9,,"Uber Eats, Other",None,,9,0
863745,Kareem,3.1,7,18,Deactivated,APOS,None,Unverified,,8,No,1.5,,None visible,None,,9,0
866283,Kareem,2.9,12,32,Active,EPOS,"PDQ, APP",Verified,,35,No,4.7,,Just Eat,None,,9,0
820921,Ibrahim,5.2,0,0,Deactivated,APOS,None,Unverified,Poshmeal.com,72,No,3.6,,"Just Eat, Uber Eats",None,,9,0
834809,Ibrahim,4.7,7,18,Active,APOS,None,Unverified,order yoyo,96,No,3.9,,Uber Eats,"Order YOYO, Melzo",,9,0
840980,Ibrahim,4.4,12,23,Active,EPOS,None,Unverified,order yoyo,176,No,3.8,,Just Eat,Order YOYO,,9,113
844966,Ibrahim,4.4,0,0,Deactivated,APOS,None,Verified,,173,No,4.7,,"Just Eat, Uber Eats",None,,9,0
848607,Ibrahim,4.2,12,18,Active,EPOS,"PDQ, APP",Unverified,order yoyo,114,No,3.8,,"Just Eat, Deliveroo",Order YOYO,,9,0
861154,Ibrahim,3.4,7,18,Active,APOS,APP,Verified,,7,No,3.3,,Just Eat,None,,9,0
863473,Ibrahim,3.3,7,18,Active,APOS,APP,Unverified,Zeekoi Enterprise Solutions.,134,No,3.6,,None visible,Others,Zeekoi Enterprise Solutions.,9,0
869503,Ibrahim,2.1,12,23,Active,EPOS,APP,Unverified,DOTECH,319,No,4.5,,None visible,Others,DOTECH,9,0
794483,Hossam,7.8,6,15,Active,APOS,APP,Verified,,15,No,3.5,,"Just Eat, Uber Eats, Deliveroo",None,,10,0
3217,Kareem,11.5,12,23,Active,EPOS,APP,Verified,,2100,No,4.2,,None visible,None,,10,14
9414,Tarek,8.8,12,17,Active,EPOS,None,Not found,,,,,,Other,None,,10,21
794356,Ibrahim,7.8,12,15,Deactivated,EPOS,None,Verified,,60,No,3.4,,"Just Eat, Deliveroo",None,,10,20
797263,Tarek,7.1,6,15,Active,APOS,None,Verified,,310,No,3.9,,"Just Eat, Uber Eats",None,,10,0
797602,Tarek,7,7,18,Deactivated,APOS,APP,Unverified,appy,121,No,4,,"Just Eat, Deliveroo",Others,,10,0
797491,Hossam,7.1,0,17,Active,APOS,PDQ,Verified,,86,No,1.4,,Just Eat,None,,10,0
797582,Hossam,7,7,18,Active,APOS,APP,Verified,,75,No,3.1,,Deliveroo,None,,10,0
812249,Hossam,5.6,0,12,Deactivated,APOS,PDQ,Verified,,546,No,4.6,,"Just Eat, Uber Eats",None,,10,0
794516,Kareem,7.8,6,15,Active,EPOS,None,Unverified,,74,Yes,4,This site can’t be reached,None visible,None,,10,0
796688,Kareem,7.3,12,23,Active,EPOS,"PDQ, APP",Unverified,dine order,239,No,3.4,,None visible,Dine Order / Kuick,,10,12
801096,Ibrahim,6.6,0,10,Active,EPOS,APP,Verified,,82,No,4,,"Just Eat, Uber Eats, Deliveroo",None,,10,0
805783,Kareem,6.1,5,17,Active,EPOS,Third party integration,Unverified,unknown,103,No,3.4,,Deliveroo,None,,10,1
805058,Ibrahim,6.2,6,15,Active,EPOS,APP,Unverified,pcs,519,No,4.4,,"Just Eat, Deliveroo",Others,pcs,10,0
809506,Tarek,5.9,12,22,Active,EPOS,None,Unverified,himself,657,No,4.5,,Deliveroo,None,,10,0
861515,Hossam,3.3,12,18,Active,EPOS,None,Unverified,zpos,2,No,5,,"Just Eat, Uber Eats",Others,zpos,10,0
864657,Hossam,3.1,7,18,Active,APOS,APP,Unverified,,128,Yes,4.6,Website not loading,"Just Eat, Uber Eats",None,,10,0
809682,Kareem,5.9,0,12,Active,APOS,APP,Unverified,chefonline,162,No,3.9,,Just Eat,Others,chefonline,10,0
810294,Ibrahim,5.8,12,23,Active,EPOS,PDQ,Unverified,order yoyo,123,No,4.2,,"Just Eat, Uber Eats, Deliveroo",Order YOYO,,10,79
873575,Hossam,1.9,7,18,Active,APOS,APP,Verified,,90,No,4.8,,Just Eat,None,,10,22
873803,Hossam,1.8,7,18,Active,APOS,None,Unverified,,7,No,1.6,,"Just Eat, Uber Eats",None,,10,0
874878,Hossam,1.6,7,18,Active,APOS,None,Verified,,27,No,4.2,,"Just Eat, Uber Eats",None,,10,0
884517,Hossam,0.4,12,23,Active,EPOS,Third party integration,Verified,,27,No,4.9,,"Just Eat, Uber Eats, Deliveroo",None,,10,90
866911,Kareem,2.9,5,5,Active,EPOS,Third party integration,Unverified,,44,No,3.8,,Uber Eats,None,fusion kitchen,10,114
817780,Ibrahim,5.3,12,22,Deactivated,EPOS,None,Unverified,ordere,129,No,3.9,,Just Eat,Others,ChefOnline Partner Restaurant,10,53
821364,Ibrahim,5.2,7,18,Active,APOS,APP,Verified,,371,No,4,,"Just Eat, Uber Eats",None,,10,0
824588,Ibrahim,5,12,23,Active,EPOS,PDQ,Not found,,,,,,"Just Eat, Uber Eats",None,,10,65
835189,Ibrahim,4.7,5,10,Active,APOS,None,Verified,,602,No,4.7,,Just Eat,None,,10,0
836020,Ibrahim,4.6,6,17,Active,APOS,APP,Unverified,dine order,51,No,4.2,,"Just Eat, Deliveroo","Dine Order / Kuick, Others",Grandfather,10,0
852885,Ibrahim,3.1,1,18,Active,APOS,None,Unverified,dine order,48,No,3.6,,"Just Eat, Uber Eats, Deliveroo",Dine Order / Kuick,,10,0
855905,Ibrahim,3.8,7,18,Active,APOS,None,Unverified,unknown,95,No,3.8,,"Just Eat, Uber Eats",Others,unknown,10,0
867703,Ibrahim,2.7,12,23,Active,EPOS,None,Verified,,1100,No,4.5,,Uber Eats,None,,10,0
868404,Ibrahim,2.6,12,23,Active,EPOS,None,Unverified,startbase ltd,144,No,4,,None visible,"Order YOYO, Others",startbase ltd,10,0
5842,Hossam,10.5,10,20,Active,EPOS,"PDQ, APP",Verified,,97,No,3.6,,"Just Eat, Deliveroo",None,,11,17
684,Ibrahim,14,0,10,Deactivated,EPOS,APP,Unverified,Diner Order,378,No,3.3,,Just Eat,Dine Order / Kuick,,11,0
794935,Hossam,7.6,6,17,Active,APOS,None,Verified,,54,No,3.8,,"Just Eat, Uber Eats, Deliveroo",None,,11,0
796665,Ibrahim,7.3,6,15,Active,EPOS,None,Unverified,CHESTERFIELD EATS LTD,149,No,2.3,,"Just Eat, Deliveroo",Others,CHESTERFIELD EATS LTD,11,1
798639,Ibrahim,6.1,6,15,Active,EPOS,None,Unverified,order yoyo,212,No,4,,"Just Eat, Uber Eats",Order YOYO,,11,0
799387,Ibrahim,6.9,2,12,Deactivated,EPOS,None,Unverified,Action Prompt Ltd,335,No,3.7,,"Just Eat, Uber Eats",Action prompt / Feed Me Online,,11,0
808962,Hossam,5.9,0,0,Active,EPOS,PDQ,Verified,,1,No,1,,"Just Eat, Uber Eats, Deliveroo",None,,11,23
810727,Hossam,5.7,0,22,Deactivated,EPOS,None,Verified,,96,No,3,,"Just Eat, Uber Eats, Deliveroo",None,,11,0
821151,Hossam,5.1,12,17,Active,EPOS,None,Verified,,118,No,3.8,,"Uber Eats, Deliveroo",None,,11,4
798186,Kareem,6.11,7,18,Active,APOS,Third party integration,Verified,,18,No,4,,"Uber Eats, Deliveroo",None,,11,21
799300,Kareem,6.9,12,17,Active,EPOS,"APP, Third party integration",Unverified,oorder yoyy,146,No,4.7,,Uber Eats,Order YOYO,,11,49
799488,Kareem,6.9,0,15,Active,APOS,APP,Unverified,ace food,216,No,3.9,,"Just Eat, Deliveroo",Others,ace food,11,0
836719,Hossam,4.6,12,18,Active,EPOS,None,Unverified,Native website,137,No,4,,"Just Eat, Uber Eats, Deliveroo",None,,11,0
801728,Ibrahim,6.6,5,5,Active,EPOS,None,Verified,,101,No,4.3,,"Just Eat, Uber Eats, Deliveroo",None,,11,0
839111,Hossam,4.5,12,22,Active,EPOS,None,Unverified,Ordering2Online,136,No,3.6,,"Just Eat, Uber Eats",Others,Ordering2Online,11,0
844417,Hossam,4.4,0,0,Active,Web Only,None,Verified,,85,No,4.5,,"Just Eat, Uber Eats",None,,11,0
808351,Tarek,5.1,2,12,Active,APOS,None,Unverified,himself,159,No,4.4,,"Just Eat, Deliveroo",Others,,11,0
809729,Tarek,5.9,0,0,Active,APOS,None,Verified,,15,No,3.5,,"Just Eat, Uber Eats",First Choice,,11,1
810474,Tarek,5.7,12,23,Active,APOS,PDQ,Unverified,order yoyo,130,No,3.3,,"Just Eat, Uber Eats, Deliveroo",Order YOYO,,11,16
813724,Tarek,5.5,2,17,Active,APOS,Third party integration,Unverified,none,644,No,4.5,,"Just Eat, Uber Eats, Deliveroo",None,,11,51
811208,Kareem,5.7,12,22,Active,EPOS,"PDQ, APP",Unverified,order yoyo,68,No,3,,Just Eat,Order YOYO,,11,0
816149,Kareem,5.4,0,22,Deactivated,EPOS,None,Unverified,unknown,321,No,4.5,,Just Eat,Order YOYO,,11,1
817650,Kareem,5.3,7,18,Active,APOS,PDQ,Unverified,order yoyo,242,No,3.3,,"Just Eat, Uber Eats, Deliveroo, Other",None,,11,0
809718,Ibrahim,5.9,0,12,Active,EPOS,None,Verified,,38,No,4.1,,"Just Eat, Uber Eats, Deliveroo",None,,11,0
871609,Hossam,2,7,18,Deactivated,APOS,None,Not found,,,,,,None visible,None,,11,0
871840,Hossam,2.1,7,18,Active,APOS,None,Verified,,158,No,3.5,,"Just Eat, Uber Eats",None,,11,0
872789,Hossam,1.1,5,5,Active,APOS,None,Unverified,Native website,88,No,3.9,,"Just Eat, Uber Eats",None,,11,0
830453,Kareem,4.1,6,17,Deactivated,APOS,PDQ,Verified,,236,No,4.7,,"Just Eat, Uber Eats, Deliveroo",None,,11,0
849255,Kareem,4.1,7,13,Active,APOS,None,Verified,,209,No,4.7,,"Just Eat, Deliveroo",None,,11,0
866094,Kareem,2.1,7,13,Active,APOS,APP,Unverified,,207,No,3.5,,Other,Melzo,,11,0
817657,Ibrahim,5.3,12,22,Active,EPOS,None,Verified,,288,No,3.6,,None visible,None,,11,142
818074,Ibrahim,5.3,12,23,Active,EPOS,None,Verified,,124,No,4.4,,Deliveroo,None,,11,0
825857,Ibrahim,5,12,7,Active,EPOS,APP,Unverified,ORDER YOYO,155,No,3.4,,"Uber Eats, Deliveroo",Order YOYO,,11,54
826608,Ibrahim,4.11,6,12,Active,APOS,PDQ,Verified,,172,No,4.5,,Just Eat,None,,11,0
852604,Ibrahim,3.11,7,18,Active,APOS,None,Unverified,ordere,164,No,4,,Just Eat,Others,ordere,11,0
864580,Ibrahim,3.1,12,23,Active,EPOS,"PDQ, APP",Verified,,124,No,4.8,,"Just Eat, Deliveroo",None,,11,23
793152,Hossam,8,0,17,Active,EPOS,"PDQ, APP",Unverified,FlipDish,215,Yes,3.6,Website not working,Just Eat,None,,12,62
796258,Ibrahim,7.3,7,18,Active,EPOS,APP,Unverified,ACE ORDER,7,No,3,,"Just Eat, Uber Eats",Others,"Ace Order, Scoffable",12,0
797991,Hossam,6.11,0,10,Active,APOS,APP,Unverified,FMO / ActionPrompt,95,No,2.9,,"Just Eat, Uber Eats, Deliveroo",Action prompt / Feed Me Online,,12,0
799650,Hossam,6.8,7,18,Active,APOS,None,Unverified,Cravo,97,No,4,,"Just Eat, Uber Eats, Deliveroo",Others,Cravo,12,0
799501,Ibrahim,6.8,6,12,Active,EPOS,APP,Verified,,14,Yes,4.4,domain issue,"Just Eat, Deliveroo",None,,12,0
812763,Hossam,5.6,0,17,Deactivated,APOS,APP,Unverified,FMO / ActionPrompt,55,No,4.3,,Just Eat,Action prompt / Feed Me Online,,12,0
813265,Hossam,5.7,0,0,Active,EPOS,None,Verified,,128,No,3.8,,"Just Eat, Uber Eats, Deliveroo",None,,12,4
818439,Hossam,5.3,7,18,Active,APOS,APP,Unverified,OrderE,44,No,4.7,,Just Eat,Others,OrderE,12,1
822134,Hossam,5.1,6,17,Active,APOS,PDQ,Unverified,OrderE,95,No,4.4,,"Just Eat, Uber Eats",Others,OrderE,12,0
796255,Kareem,7.4,7,18,Active,EPOS,APP,Unverified,my food basket,143,No,3.5,,Just Eat,Others,my food basket,12,1
798606,Kareem,6.1,0,0,Active,EPOS,APP,Not found,,,,,,Just Eat,Action prompt / Feed Me Online,,12,2
802543,Kareem,6.4,2,10,Deactivated,APOS,None,Verified,,50,No,3.7,,Just Eat,None,,12,0
839634,Hossam,4.5,1,0,Active,APOS,APP,Unverified,,142,Yes,4.3,No website button,"Just Eat, Uber Eats",None,,12,1
803711,Kareem,6.2,12,15,Active,EPOS,PDQ,Unverified,feed me online,97,No,4.6,,Just Eat,Action prompt / Feed Me Online,,12,44
803682,Ibrahim,6.2,2,12,Active,EPOS,APP,Verified,,70,No,2.3,,Just Eat,None,,12,5
806404,Ibrahim,6,0,22,Active,EPOS,PDQ,Unverified,PRESTO EXPRESS,96,No,4.4,,None visible,Others,PRESTO EXPRESS,12,4
807981,Kareem,5.1,2,12,Active,APOS,None,Verified,,14,No,2.1,,Uber Eats,None,,12,1
808098,Ibrahim,5.1,0,17,Deactivated,EPOS,None,Unverified,ACTION PROMPT,64,No,3.3,,Just Eat,Action prompt / Feed Me Online,,12,0
856526,Hossam,3.7,7,18,Active,APOS,None,Verified,,100,No,3.8,,"Just Eat, Uber Eats, Deliveroo",None,,12,0
809774,Tarek,5.8,0,17,Deactivated,APOS,None,Unverified,himself,212,No,4.2,,Deliveroo,None,,12,0
811008,Tarek,5.7,0,0,Deactivated,APOS,None,Unverified,himself,134,No,3.8,,Just Eat,None,,12,0
868378,Hossam,2.6,12,23,Active,EPOS,"PDQ, APP",Unverified,OrderYoYo,105,No,3.8,,"Just Eat, Deliveroo",Order YOYO,,12,38
810006,Ibrahim,5.8,12,22,Active,EPOS,APP,Verified,,229,No,3.4,,"Just Eat, Uber Eats",None,,12,0
875242,Hossam,1.5,7,18,Active,APOS,APP,Unverified,,285,No,4.1,,"Uber Eats, Deliveroo",None,,12,2
833144,Kareem,4.8,6,12,Active,EPOS,None,Verified,,60,No,3.1,,"Just Eat, Uber Eats, Deliveroo",None,,12,0
836524,Kareem,4.6,7,18,Active,APOS,APP,Not found,,,,,,None visible,None,,12,0
852808,Kareem,3.1,0,0,Active,APOS,None,Verified,,68,No,4.8,,Uber Eats,None,,12,0
855335,Kareem,3.8,12,18,Active,APOS,APP,Verified,,176,No,4.1,,None visible,None,,12,0
863295,Kareem,3.2,7,18,Active,APOS,None,Unverified,,217,No,4.3,,"Just Eat, Uber Eats",None,,12,0
864763,Kareem,3.1,7,18,Deactivated,APOS,APP,Unverified,,137,No,3.4,,Other,Order YOYO,,12,0
831398,Ibrahim,4.9,6,17,Active,APOS,None,Verified,,1800,No,4.5,,"Just Eat, Uber Eats, Deliveroo",None,,12,0
861072,Ibrahim,3.4,12,18,Active,EPOS,APP,Unverified,fusion kitchen,52,Yes,4.4,temporarily closed,None visible,Others,fusion kitchen,12,0
862846,Ibrahim,3.2,5,5,Active,APOS,None,Verified,,74,No,3.4,,Just Eat,None,,12,0
863307,Ibrahim,3.2,0,0,Deactivated,APOS,None,Verified,,180,No,3.6,,Deliveroo,Order YOYO,,12,0
866121,Ibrahim,2.1,7,18,Deactivated,APOS,None,Verified,,27,No,4.1,,"Just Eat, Deliveroo",Others,WordPress.,12,0
9128,Hossam,8.1,12,20,Active,EPOS,APP,Verified,,26,No,3.7,,"Just Eat, Uber Eats",None,,13,3
794672,Hossam,7.7,7,18,Active,APOS,None,Unverified,FMO / Action prompt,180,No,4,,"Just Eat, Deliveroo",Action prompt / Feed Me Online,,13,0
6916,Kareem,9.8,12,15,Active,EPOS,None,Verified,,74,No,3.6,,Uber Eats,None,,13,48
793569,Ibrahim,7.11,0,0,Active,EPOS,PDQ,Verified,,18,No,3.7,,Just Eat,None,,13,0
796735,Tarek,7.3,12,18,Deactivated,EPOS,None,Unverified,dine order,37,No,4,,Just Eat,Others,,13,59
796251,Hossam,7.4,6,15,Deactivated,APOS,APP,Unverified,Native website,15,No,3.7,,"Just Eat, Uber Eats",None,,13,0
796881,Hossam,7.2,6,15,Active,APOS,APP,Verified,,31,No,3.1,,None visible,None,,13,2
798157,Tarek,6.11,6,10,Active,APOS,None,Unverified,ordara,223,No,3,,"Uber Eats, Deliveroo",None,,13,0
798792,Ibrahim,6.1,2,15,Active,EPOS,None,Unverified,KUKD.COM,83,No,4.1,,"Just Eat, Uber Eats",Others,kukd.com,13,0
803677,Hossam,6.2,0,12,Deactivated,APOS,None,Verified,,48,No,3.3,,Just Eat,None,,13,0
805182,Hossam,6.2,7,18,Active,APOS,None,Unverified,OrderYoYo,96,No,2.8,,"Just Eat, Uber Eats","Order YOYO, Action prompt / Feed Me Online",,13,0
805342,Hossam,6.1,4,12,Active,APOS,"PDQ, Third party integration",Verified,,44,No,4.3,,None visible,None,,13,59
808183,Hossam,5.1,12,23,Active,EPOS,None,Verified,,351,No,4.6,,"Uber Eats, Deliveroo",None,,13,0
816708,Hossam,5.4,7,18,Active,APOS,APP,Unverified,Native website,963,No,4.3,,"Just Eat, Uber Eats, Deliveroo",None,,13,0
817811,Hossam,5.3,6,17,Active,APOS,None,Unverified,Mealzo,84,No,3.9,,Just Eat,Melzo,,13,0
817964,Hossam,5.3,12,23,Active,EPOS,"PDQ, APP, Third party integration",Verified,,54,No,3.8,,"Just Eat, Deliveroo",None,,13,73
802938,Tarek,6.3,12,23,Active,EPOS,APP,Unverified,none,85,No,4,,"Just Eat, Uber Eats",None,,13,55
796398,Kareem,7.3,7,18,Active,APOS,None,Verified,,261,No,4.1,,"Just Eat, Uber Eats, Deliveroo",None,,13,0
802175,Kareem,6.5,2,10,Active,APOS,None,Verified,,118,No,3.9,,"Just Eat, Deliveroo",None,,13,0
803265,Kareem,6.3,7,18,Active,APOS,APP,Unverified,ordere,61,No,3.5,,Just Eat,Others,ordere,13,0
805005,Kareem,6.2,1,5,Active,EPOS,None,Verified,,4125,No,4.8,,"Uber Eats, Deliveroo",None,,13,0
808654,Ibrahim,5.1,6,12,Active,EPOS,None,Verified,,202,No,3.5,,"Just Eat, Uber Eats, Deliveroo",None,,13,0
809037,Ibrahim,5.1,2,12,Active,EPOS,"PDQ, APP",Unverified,order yoyo,203,No,4.2,,"Just Eat, Deliveroo",Order YOYO,,13,1
809304,Ibrahim,5.9,7,18,Active,EPOS,None,Unverified,dine order,155,No,4.1,,Uber Eats,Dine Order / Kuick,,13,0
809837,Ibrahim,5.8,0,5,Active,EPOS,None,Unverified,unknown,131,No,3.1,,Uber Eats,Others,unknown,13,0
871921,Hossam,2,7,18,Active,APOS,None,Verified,,273,No,4.2,,Just Eat,None,,13,0
815212,Ibrahim,5.5,2,17,Active,EPOS,"PDQ, APP",Verified,,114,No,4.7,,Just Eat,None,,13,0
815593,Ibrahim,5.5,7,18,Active,EPOS,APP,Unverified,Biz Midlands,219,No,4.5,,"Just Eat, Uber Eats",Others,Biz Midlands,13,0
867071,Kareem,2.9,12,23,Active,EPOS,PDQ,Verified,,149,No,4.9,,None visible,None,,13,17
867431,Kareem,2.8,7,13,Active,APOS,None,Unverified,,95,No,4.1,,Just Eat,None,,13,0
823026,Ibrahim,5.1,7,18,Active,APOS,PDQ,Verified,,128,No,4.8,,"Just Eat, Uber Eats, Deliveroo",None,,13,0
838689,Ibrahim,4.5,7,18,Active,APOS,None,Verified,,75,No,3.6,,None visible,None,,13,0
866446,Ibrahim,2.11,7,18,Active,APOS,None,Verified,,104,No,4.6,,Deliveroo,None,,13,0
868285,Ibrahim,2.6,7,18,Active,APOS,None,Verified,,182,No,4.5,,Uber Eats,None,,13,0
792161,Hossam,8.5,12,23,Deactivated,EPOS,APP,Verified,,170,No,3.8,,None visible,None,,14,140
793477,Hossam,8,6,15,Active,APOS,APP,Unverified,grup24,98,No,3.8,,Just Eat,None,,14,0
794864,Ibrahim,7.7,6,10,Active,EPOS,APP,Unverified,Oracle Gloria Food,225,No,4.5,,Just Eat,Others,Oracle Gloria Food,14,0
794919,Tarek,7.7,6,15,Active,APOS,APP,Unverified,dine order,52,No,4.2,,"Just Eat, Uber Eats",Dine Order / Kuick,,14,0
800365,Hossam,6.7,7,18,Active,APOS,None,Unverified,Ordara,136,No,3.6,,"Just Eat, Uber Eats, Deliveroo",Others,Ordara,14,0
798624,Ibrahim,6.1,5,17,Active,EPOS,PDQ,Verified,,52,Yes,4.6,the link linked to the website button doesn't work,None visible,Others,App4,14,6
800427,Tarek,6.7,2,10,Active,APOS,None,Verified,,208,No,3.6,,"Just Eat, Uber Eats, Deliveroo",First Choice,,14,0
815113,Hossam,5.5,6,12,Active,APOS,PDQ,Unverified,OrderYoYo,111,No,3.7,,Uber Eats,Order YOYO,,14,0
801106,Tarek,6.6,7,18,Active,APOS,None,Unverified,Order yoyo,278,No,3.3,,"Just Eat, Uber Eats, Deliveroo",Order YOYO,,14,0
801528,Tarek,6.6,7,18,Active,APOS,APP,Verified,,152,No,3.5,,"Just Eat, Uber Eats, Deliveroo",First Choice,,14,0
793996,Kareem,7.1,2,12,Deactivated,EPOS,None,Verified,,527,No,3.1,,"Just Eat, Deliveroo",Melzo,,14,0
803394,Tarek,6.3,2,10,Deactivated,APOS,None,Unverified,order yoyo,179,No,2.8,,Just Eat,Order YOYO,,14,0
796628,Kareem,7.3,7,18,Deactivated,APOS,None,Unverified,Crown epos,72,No,3.2,,"Just Eat, Uber Eats",Others,Crown epos,14,0
803394,Tarek,6.3,2,12,Deactivated,APOS,"APP, Third party integration",Verified,,249,No,4.2,,Other,First Choice,,14,0
832101,Hossam,4.9,12,22,Deactivated,EPOS,APP,Unverified,Native website,695,Yes,4.7,Website not functioning,"Just Eat, Uber Eats, Deliveroo",None,,14,41
796819,Kareem,7.3,12,23,Active,EPOS,APP,Unverified,We drop,86,No,3.6,,None visible,Others,andromeda,14,88
797659,Kareem,7,6,10,Active,APOS,APP,Verified,,57,No,3.3,,None visible,None,,14,0
800531,Kareem,6.7,6,17,Active,APOS,PDQ,Verified,,248,No,3.5,,"Just Eat, Uber Eats",None,,14,0
811973,Kareem,5.6,0,0,Active,APOS,None,Unverified,unknown,305,No,4.2,,Just Eat,None,,14,0
816256,Kareem,5.4,0,17,Active,APOS,APP,Verified,,323,No,4,,Just Eat,None,,14,0
885456,Hossam,0.3,15,0,Deactivated,APOS,None,Verified,,50,No,4.4,,"Just Eat, Uber Eats, Deliveroo",None,,14,1
835136,Kareem,4.7,6,17,Deactivated,APOS,PDQ,Verified,,60,No,4,,Deliveroo,None,,14,0
857034,Kareem,3.7,7,18,Deactivated,APOS,None,Verified,,0,No,0,,None visible,None,,14,0
846038,Ibrahim,4.3,6,18,Active,APOS,None,Unverified,Action Prompt Ltd,89,No,4.1,,Just Eat,"Order YOYO, Action prompt / Feed Me Online",,14,0
1925,Ibrahim,12,12,10,Deactivated,EPOS,APP,Unverified,Order YOYO,114,Yes,3.2,Domain Issue,"Just Eat, Uber Eats, Deliveroo",Order YOYO,,15,45
793457,Ibrahim,8,6,15,Active,EPOS,None,Unverified,startbase ltd,140,No,3.7,,Just Eat,Others,startbase ltd,15,0
795678,Tarek,7.5,7,13,Active,APOS,APP,Verified,,105,No,3.5,,Just Eat,None,,15,0
795932,Tarek,7.4,7,18,Active,APOS,None,Unverified,ordere,86,No,4.3,,"Just Eat, Deliveroo",Others,,15,0
796676,Tarek,7.3,12,23,Active,EPOS,APP,Not found,,,,,,Just Eat,None,,15,66
796725,Ibrahim,7.3,6,16,Deactivated,EPOS,APP,Unverified,FOOD UK,213,No,4.3,,Just Eat,Others,FOOD UK,15,0
797350,Ibrahim,7.1,0,0,Deactivated,EPOS,None,Unverified,Grub24,125,No,4.1,,Just Eat,Others,Grub24,15,0
796818,Hossam,7.3,6,12,Active,APOS,None,Verified,,93,No,4.2,,"Just Eat, Uber Eats, Deliveroo",None,,15,1
802405,Hossam,6.4,1,2,Active,APOS,None,Verified,,102,No,4.4,,"Just Eat, Uber Eats, Deliveroo",None,,15,0
813078,Hossam,5.6,0,17,Active,EPOS,APP,Verified,,62,No,3.5,,"Just Eat, Uber Eats",None,,15,0
814134,Hossam,5.5,7,18,Active,APOS,PDQ,Unverified,OrderYoYo,129,No,4.3,,"Just Eat, Uber Eats, Deliveroo",Order YOYO,,15,0
823754,Hossam,5,6,12,Active,APOS,APP,Unverified,Wrong website,351,Yes,4.5,Wrong website,"Just Eat, Uber Eats",None,,15,0
794691,Kareem,7.7,6,17,Active,APOS,PDQ,Unverified,Dine Order,37,No,4,,Just Eat,"Dine Order / Kuick, Action prompt / Feed Me Online",,15,0
802483,Tarek,6.4,5,17,Active,EPOS,APP,Verified,,109,No,2.8,,"Just Eat, Uber Eats, Deliveroo",First Choice,,15,0
838362,Hossam,4.5,0,0,Active,APOS,None,Unverified,Flipdish,288,Yes,4.2,Website blocked,"Just Eat, Uber Eats, Deliveroo",Others,Flipdish,15,0
839878,Hossam,4.5,0,0,Deactivated,EPOS,None,Unverified,FMO / ActionPrompt,15,No,3.7,,Just Eat,Action prompt / Feed Me Online,,15,0
852965,Hossam,3.1,7,18,Active,APOS,APP,Verified,,414,No,4.3,,"Just Eat, Uber Eats, Deliveroo",None,,15,0
803460,Ibrahim,6.2,6,17,Deactivated,EPOS,None,Verified,,1200,No,4.4,,"Just Eat, Uber Eats, Deliveroo",None,,15,0
808320,Ibrahim,5.1,5,10,Deactivated,EPOS,APP,Unverified,UNKNOWN,445,No,4.5,,"Just Eat, Deliveroo",Others,UNKNOWN,15,0
807209,Tarek,5.11,0,17,Active,APOS,"PDQ, APP",Verified,,164,No,2.8,,Just Eat,First Choice,,15,24
866002,Hossam,2.1,7,18,Active,APOS,"PDQ, APP",Verified,,167,No,4.7,,"Just Eat, Uber Eats, Deliveroo",None,,15,0
813207,Tarek,5.6,7,18,Active,APOS,None,Verified,,131,No,3.9,,"Just Eat, Uber Eats, Deliveroo",First Choice,,15,44
809396,Ibrahim,5.9,0,17,Deactivated,EPOS,None,Verified,,168,No,4.4,,"Just Eat, Uber Eats, Deliveroo",None,,15,0
872194,Hossam,2,7,18,Active,APOS,None,Unverified,smartorderings,85,No,3.9,,"Just Eat, Uber Eats, Deliveroo",Others,smartorderings,15,0
810526,Ibrahim,5.8,12,23,Active,EPOS,APP,Verified,,1,No,1,,"Just Eat, Uber Eats",None,,15,59
814283,Ibrahim,5.5,0,0,Active,EPOS,None,Verified,,45,No,3.8,,"Just Eat, Uber Eats, Deliveroo",None,,15,0
815760,Ibrahim,5.4,5,17,Active,EPOS,APP,Unverified,order yoyo,138,No,4.2,,"Just Eat, Uber Eats",Order YOYO,,15,0
874714,Hossam,1.6,7,18,Active,APOS,None,Unverified,acepos,183,No,4.7,,"Just Eat, Uber Eats",Others,acepos,15,0
819060,Kareem,5.2,6,12,Active,APOS,None,Verified,,205,No,4.7,,Just Eat,None,,15,0
825773,Kareem,4.11,6,12,Active,APOS,None,Unverified,all eats,365,No,4.1,,"Just Eat, Uber Eats",None,,15,0
826469,Kareem,4.11,7,18,Active,APOS,APP,Verified,,189,No,4.8,,"Just Eat, Uber Eats",None,,15,68
840947,Kareem,4.4,0,0,Active,APOS,None,Unverified,unknown,71,No,3.7,,"Uber Eats, Deliveroo",None,,15,0
850450,Kareem,4,12,18,Active,EPOS,"PDQ, APP",Verified,,89,No,4.3,,"Just Eat, Uber Eats",None,,15,26
835594,Ibrahim,4.7,6,17,Deactivated,APOS,None,Unverified,Action Prompt Ltd,38,No,3.6,,Just Eat,Action prompt / Feed Me Online,,15,2
851907,Ibrahim,3.11,7,13,Active,APOS,None,Unverified,stratbase ltd,395,No,4.3,,Just Eat,Others,gogrubz,15,0
864818,Ibrahim,3.1,5,5,Deactivated,APOS,None,Verified,,6,No,4.3,,None visible,None,,15,0
795709,Hossam,7.5,5,15,Active,APOS,None,Verified,,98,No,2.9,,"Just Eat, Uber Eats, Deliveroo",None,,16,60
794038,Tarek,7.9,6,13,Active,APOS,APP,Unverified,himself,98,No,3.9,,"Uber Eats, Deliveroo",None,,16,0
795104,Tarek,7.6,7,18,Active,APOS,None,Verified,,223,No,4.3,,"Just Eat, Uber Eats, Deliveroo",None,,16,0
808508,Hossam,5.1,6,12,Active,APOS,APP,Verified,,149,No,4,,"Just Eat, Uber Eats",None,,16,0
812546,Hossam,5.6,12,23,Active,EPOS,APP,Unverified,OrderYoYo,139,No,3.7,,"Just Eat, Uber Eats","Order YOYO, Action prompt / Feed Me Online",,16,9
800583,Ibrahim,6.7,7,18,Deactivated,EPOS,None,Unverified,there is a domain issue,170,Yes,3.3,it shows permenantly closed and there is a domain issue,"Just Eat, Deliveroo",Others,eatzy,16,0
818705,Hossam,5.2,12,23,Active,EPOS,None,Unverified,FMO / ActionPrompt,82,No,3.4,,Just Eat,Action prompt / Feed Me Online,,16,0
794334,Kareem,7.9,12,15,Active,EPOS,None,Unverified,Unknown,95,No,3.9,,Deliveroo,Others,ordere,16,0
805300,Tarek,6.1,5,17,Active,APOS,APP,Not found,,,,,,Just Eat,None,,16,0
798631,Kareem,6.1,6,15,Active,APOS,None,Unverified,order yoyo,82,No,3.5,,Just Eat,Order YOYO,,16,0
799653,Kareem,6.8,0,22,Deactivated,EPOS,None,Unverified,,50,Yes,3.6,This site can’t be reached,"Just Eat, Uber Eats, Deliveroo",None,,16,0
802311,Kareem,6.5,6,10,Active,APOS,"PDQ, APP",Unverified,startbase.ltd,147,No,3.2,,None visible,"Order YOYO, Action prompt / Feed Me Online",,16,42
803335,Ibrahim,6.3,0,10,Deactivated,EPOS,PDQ,Unverified,TillTech,616,No,4,,Just Eat,Others,TillTech,16,0
840276,Hossam,4.4,0,0,Deactivated,Web Only,None,Verified,,165,No,3.4,,"Just Eat, Uber Eats",None,,16,0
806782,Kareem,6,0,0,Active,EPOS,None,Verified,,81,No,4.2,,Just Eat,None,,16,0
807076,Ibrahim,6,2,17,Active,EPOS,None,Verified,,99,No,4.2,,"Just Eat, Deliveroo",None,,16,0
807638,Tarek,5.11,0,0,Active,APOS,None,Unverified,FMO,93,No,3.7,,"Just Eat, Uber Eats, Deliveroo",Others,,16,0
807879,Tarek,5.11,12,22,Active,EPOS,APP,Verified,,35,No,3.9,,Other,First Choice,,16,0
814466,Kareem,5.5,6,17,Active,APOS,"PDQ, APP",Verified,,91,No,4.2,,"Just Eat, Uber Eats",None,,16,0
839430,Kareem,4.5,0,0,Active,APOS,APP,Verified,,454,No,4,,Uber Eats,None,,16,0
841290,Kareem,4.4,0,0,Active,APOS,None,Verified,,138,No,4.5,,"Just Eat, Uber Eats, Deliveroo",None,,16,0
828731,Ibrahim,4.11,7,13,Active,APOS,None,Unverified,webfactory,159,No,3.5,,Just Eat,Others,webfactory,16,2
854537,Ibrahim,3.9,12,23,Active,EPOS,None,Verified,,190,No,4.5,,"Just Eat, Deliveroo",None,,16,46
867027,Ibrahim,2.8,7,18,Active,APOS,None,Unverified,thaminrestaurant,208,No,4.5,,None visible,Others,CyberWizard,16,0
868335,Ibrahim,2.6,7,13,Active,APOS,None,Verified,,64,No,3.9,,"Uber Eats, Deliveroo",None,,16,0
2055,Tarek,11.11,6,12,Active,APOS,None,Unverified,foodoo,717,No,4.4,,"Just Eat, Deliveroo",Foodo,,17,0
795647,Ibrahim,7.5,12,15,Active,EPOS,APP,Unverified,Order YOYO,352,No,3.5,,"Just Eat, Deliveroo",Order YOYO,,17,0
795806,Ibrahim,7.4,6,15,Active,EPOS,None,Unverified,Action Prompt LTD,114,No,3.1,,None visible,Action prompt / Feed Me Online,,17,0
796407,Ibrahim,7.3,12,23,Deactivated,EPOS,APP,Verified,,103,No,3,,"Just Eat, Uber Eats",None,,17,12
803705,Hossam,6.2,0,22,Active,EPOS,"PDQ, APP",Unverified,OrderYoYo,110,No,3.5,,Uber Eats,Order YOYO,,17,41
814451,Hossam,5.5,0,0,Deactivated,APOS,None,Unverified,OrderYoYo,164,No,3.6,,"Just Eat, Uber Eats, Deliveroo",Order YOYO,,17,0
828679,Hossam,4.1,7,18,Active,APOS,PDQ,Verified,,118,No,4.5,,"Just Eat, Uber Eats, Deliveroo",None,,17,0
831962,Hossam,4.9,12,18,Active,EPOS,None,Unverified,Native website,240,No,4.8,,None visible,None,,17,0
798008,Kareem,6.11,7,18,Active,APOS,None,Verified,,67,No,3.6,,Just Eat,None,,17,0
846915,Hossam,4.3,0,0,Deactivated,APOS,None,Verified,,109,No,3.6,,"Just Eat, Uber Eats, Deliveroo",None,,17,0
810050,Tarek,5.8,7,18,Active,APOS,None,Unverified,order yoyo,198,No,3.5,,Just Eat,Order YOYO,,17,0
810162,Tarek,5.8,7,13,Active,APOS,Third party integration,Verified,,390,No,4.3,,Just Eat,First Choice,,17,0
811467,Kareem,5.7,12,23,Active,EPOS,PDQ,Unverified,unknown,131,No,4.4,,Uber Eats,None,,17,0
815734,Kareem,5.4,7,18,Active,APOS,None,Unverified,feed me online,141,No,4.4,,None visible,Action prompt / Feed Me Online,,17,0
872239,Hossam,1.11,5,15,Deactivated,EPOS,None,Verified,,194,No,4.7,,Deliveroo,None,,17,0
873210,Hossam,1.9,12,23,Active,EPOS,APP,Unverified,,73,No,3.1,,"Just Eat, Uber Eats, Deliveroo",None,,17,0
831971,Kareem,4.9,7,18,Active,APOS,None,Verified,,76,No,2.9,,"Just Eat, Deliveroo",None,,17,0
835530,Kareem,4.6,7,18,Active,APOS,None,Verified,,71,No,3.8,,"Just Eat, Uber Eats",None,,17,0
822093,Ibrahim,5.1,7,18,Active,APOS,None,Verified,,564,No,4.6,,Deliveroo,None,,17,0
850730,Ibrahim,4,12,18,Deactivated,EPOS,APP,Unverified,unknown,211,No,4.8,,None visible,Others,my food basket,17,0
862221,Ibrahim,3.4,12,23,Active,EPOS,None,Verified,,135,No,4.7,,"Just Eat, Uber Eats, Deliveroo",None,,17,23
794201,Hossam,7.9,12,23,Active,EPOS,None,Unverified,Native website,91,No,3.8,,"Just Eat, Deliveroo",None,,18,1
134,Kareem,16.2,11,18,Active,EPOS,None,Unverified,Dine order,8,No,3.6,,None visible,Dine Order / Kuick,,18,0
7249,Tarek,9.6,24,20,Active,EPOS,APP,Unverified,himself,607,No,3.6,,"Just Eat, Uber Eats, Deliveroo",Others,,18,0
797267,Hossam,7.1,0,15,Active,APOS,"PDQ, APP",Unverified,Native website,198,No,3.1,,"Just Eat, Uber Eats",None,,18,0
798278,Hossam,6.11,6,15,Active,APOS,None,Verified,,168,No,4.5,,"Just Eat, Uber Eats, Deliveroo",None,,18,0
799455,Hossam,6.9,12,20,Active,EPOS,None,Unverified,Mealzo,70,No,4,,"Just Eat, Uber Eats, Deliveroo",Melzo,,18,21
803233,Hossam,6.3,6,17,Active,APOS,None,Unverified,FMO / ActionPrompt,61,No,3.8,,"Just Eat, Uber Eats",Action prompt / Feed Me Online,,18,0
820991,Hossam,5.1,0,12,Deactivated,APOS,None,Unverified,flipdish,481,Yes,3.8,Website blocked,Just Eat,Others,flip dish,18,0
834295,Hossam,7.4,7,18,Active,APOS,PDQ,Verified,,235,No,4.4,,"Just Eat, Uber Eats",None,,18,0
836482,Hossam,4.6,6,17,Active,APOS,None,Unverified,Website not working,64,Yes,4,Website not working,"Just Eat, Uber Eats, Deliveroo",None,,18,0
846372,Hossam,4.3,12,23,Active,EPOS,None,Verified,,149,No,4.1,,"Just Eat, Uber Eats, Deliveroo",None,,18,82
848140,Hossam,4.2,15,22,Active,EPOS,Third party integration,Unverified,OrderYoYo,124,No,3.4,,"Just Eat, Uber Eats",Order YOYO,,18,76
807229,Kareem,5.11,12,23,Active,EPOS,APP,Verified,,668,No,0.2,,None visible,None,,18,0
808412,Kareem,5.1,0,17,Active,EPOS,APP,Unverified,just order online. ltd,137,No,3.9,,Just Eat,Others,chefonline,18,55
862413,Hossam,3.3,7,18,Active,APOS,"APP, Third party integration",Verified,,315,No,4.7,,"Just Eat, Uber Eats",None,,18,47
810328,Tarek,5.8,2,17,Active,APOS,None,Verified,,170,No,4.5,,Other,First Choice,,18,0
818725,Kareem,5.2,12,18,Active,EPOS,APP,Unverified,order yoyo,326,No,3.6,,"Just Eat, Uber Eats",Order YOYO,,18,26
869084,Hossam,2.3,12,23,Active,EPOS,None,Verified,,265,No,4.6,,Just Eat,None,,18,0
873878,Hossam,1.8,12,23,Active,EPOS,None,Verified,,27,No,3.5,,"Just Eat, Uber Eats",None,,18,1
829202,Kareem,4.1,6,17,Active,APOS,None,Verified,,85,No,3.7,,Just Eat,None,,18,0
846922,Kareem,0.3,0,0,Deactivated,APOS,APP,Verified,,96,No,3.7,,Deliveroo,None,,18,0
848418,Kareem,4.2,12,17,Active,EPOS,None,Verified,,177,No,3,,Just Eat,None,,18,0
865532,Kareem,2.11,7,18,Deactivated,APOS,APP,Unverified,,362,No,3.9,,Just Eat,None,,18,0
856638,Ibrahim,3.7,7,18,Active,APOS,None,Unverified,action prompt ltd,94,No,4.7,,None visible,Action prompt / Feed Me Online,,18,1
795509,Hossam,7.6,6,10,Active,APOS,APP,Verified,,29,No,4,,Just Eat,None,,19,0
6837,Tarek,9.9,7,18,Active,APOS,None,Verified,,223,No,3.8,,"Just Eat, Uber Eats, Deliveroo",None,,19,0
793466,Tarek,8,7,18,Active,APOS,None,Verified,,425,No,4.9,,"Just Eat, Uber Eats, Deliveroo",None,,19,0
794416,Tarek,7.8,6,15,Active,APOS,APP,Verified,,195,No,3.9,,"Just Eat, Uber Eats, Deliveroo",None,,19,41
797554,Ibrahim,7,6,12,Active,EPOS,PDQ,Verified,,86,No,3.5,,"Just Eat, Uber Eats",None,,19,0
799744,Hossam,6.8,2,2,Active,APOS,None,Unverified,OrderYoYo,39,No,3.7,,"Just Eat, Uber Eats",Order YOYO,,19,0
803038,Hossam,6.4,6,12,Active,APOS,"PDQ, APP",Verified,,179,No,3.8,,"Just Eat, Uber Eats, Deliveroo",None,,19,1
798946,Ibrahim,6.9,12,23,Active,EPOS,None,Verified,,153,No,2.8,,"Just Eat, Uber Eats, Deliveroo",None,,19,0
799534,Tarek,6.8,2,10,Deactivated,APOS,"PDQ, APP",Unverified,dine order,178,No,3.1,,"Just Eat, Deliveroo",Dine Order / Kuick,,19,0
808383,Hossam,5.1,2,17,Active,APOS,"PDQ, APP",Verified,,281,No,3.4,,"Just Eat, Uber Eats, Deliveroo",None,,19,0
810082,Hossam,5.8,6,17,Active,APOS,APP,Unverified,Native website,489,No,4.7,,Deliveroo,None,,19,0
813782,Hossam,5.5,6,12,Active,APOS,APP,Verified,,3,No,3.7,,"Just Eat, Deliveroo",None,,19,0
802622,Tarek,6.4,7,18,Active,APOS,APP,Unverified,himself,222,No,4.3,,"Uber Eats, Deliveroo",None,,19,0
835724,Hossam,4.6,6,17,Active,APOS,None,Unverified,OrderYoYo,90,No,4.3,,"Just Eat, Uber Eats",Order YOYO,,19,1
797592,Kareem,7,6,17,Deactivated,APOS,APP,Verified,,273,No,3,,"Just Eat, Deliveroo",None,,19,48
798284,Kareem,6.11,0,10,Active,APOS,None,Verified,,54,No,3.6,,"Just Eat, Uber Eats, Deliveroo",None,,19,0
800388,Kareem,6.7,7,18,Active,APOS,None,Not found,,,,,,None visible,Others,astra,19,1
803130,Ibrahim,6.4,7,13,Active,EPOS,APP,Verified,,187,No,4.6,,Deliveroo,"Order YOYO, Action prompt / Feed Me Online, Others",oofta,19,0
845235,Hossam,4.3,6,18,Active,APOS,None,Verified,,293,No,3.8,,None visible,None,,19,0
852339,Hossam,3.11,0,0,Deactivated,Web Only,None,Verified,,46,No,4.5,,"Uber Eats, Deliveroo",None,,19,0
853682,Hossam,3.1,7,18,Active,APOS,None,Verified,,20,No,5,,Uber Eats,None,,19,0
803590,Kareem,6.2,12,23,Active,EPOS,APP,Unverified,my food basket,107,No,3.7,,None visible,Others,my food basket,19,0
805271,Ibrahim,6.1,12,23,Active,EPOS,None,Unverified,action prompt,334,No,4,,Just Eat,"Action prompt / Feed Me Online, Others",tilltech,19,0
806690,Tarek,6,0,17,Deactivated,APOS,PDQ,Verified,,114,No,3.1,,Just Eat,First Choice,,19,0
808103,Tarek,5..10,6,12,Deactivated,APOS,None,Unverified,himself,95,No,3.5,,Deliveroo,Others,,19,0
866726,Hossam,2.9,7,18,Active,APOS,None,Unverified,FMO / ActionPrompt,74,No,3.8,,"Just Eat, Uber Eats, Deliveroo",Action prompt / Feed Me Online,,19,0
810508,Kareem,5.7,2,17,Active,APOS,None,Verified,,381,No,3.8,,"Just Eat, Uber Eats",None,,19,0
811021,Kareem,5.7,2,17,Active,APOS,None,Unverified,feed me,5,No,4.2,,None visible,"Action prompt / Feed Me Online, Others",foodit,19,0
810465,Ibrahim,5.8,6,17,Deactivated,EPOS,None,Unverified,quick stamp print web,353,No,4.5,,None visible,Others,quick stamp print web,19,7
874618,Hossam,1.6,7,18,Active,APOS,None,Unverified,OrderYoYo,97,No,4.7,,None visible,Order YOYO,,19,0
822660,Kareem,5.1,6,12,Active,APOS,APP,Verified,,189,No,4.5,,"Just Eat, Uber Eats",None,,19,0
856308,Kareem,3.8,7,18,Active,APOS,PDQ,Unverified,,392,No,4.2,,Just Eat,None,,19,0
821682,Ibrahim,5.1,5,12,Active,APOS,None,Unverified,Meals 4U,71,No,4.4,,"Just Eat, Uber Eats",Others,Meals 4U,19,0
865672,Ibrahim,2.11,7,18,Active,APOS,APP,Unverified,order yoyo,280,No,4.5,,Just Eat,Order YOYO,,19,0
793741,Hossam,7.1,12,20,Deactivated,EPOS,None,Verified,,240,No,3.2,,None visible,None,,20,51
9346,Ibrahim,8,12,23,Active,EPOS,None,Unverified,stratbase ltd and diner order,79,No,4.5,,Uber Eats,Dine Order / Kuick,,20,1
1121,Kareem,12.11,12,23,Active,EPOS,APP,Verified,,41,No,2.2,,"Just Eat, Uber Eats, Deliveroo",None,,20,35
795396,Ibrahim,7.6,12,22,Active,EPOS,None,Unverified,Ordere,252,No,4.4,,"Just Eat, Uber Eats",Others,Ordere,20,0
796261,Tarek,7.3,0,10,Deactivated,APOS,None,Unverified,order yoyo,322,No,2.7,,"Just Eat, Uber Eats, Deliveroo",Order YOYO,,20,0
798626,Hossam,6.1,0,20,Active,EPOS,APP,Verified,,370,No,4.4,,Just Eat,None,,20,82
804451,Hossam,6.2,2,2,Active,APOS,None,Unverified,None,10,Yes,4.3,No website button,Deliveroo,None,,20,0
811961,Hossam,5.6,0,22,Deactivated,EPOS,None,Unverified,justorderonline,142,No,4.3,,Just Eat,Others,justorderonlin,20,0
819436,Hossam,5.2,7,18,Active,APOS,None,Verified,,81,No,4.1,,"Just Eat, Uber Eats, Deliveroo",None,,20,0
795764,Kareem,7.5,12,22,Active,EPOS,APP,Unverified,dine order,88,No,3.6,,None visible,Dine Order / Kuick,,20,3
801424,Kareem,6.6,0,0,Deactivated,EPOS,APP,Unverified,ordere,90,No,4.2,,None visible,Others,ordere,20,0
802439,Kareem,6.4,6,15,Active,APOS,PDQ,Verified,,281,No,4.3,,"Just Eat, Uber Eats, Deliveroo",Action prompt / Feed Me Online,,20,36
803455,Kareem,6.2,7,13,Active,APOS,None,Unverified,unknown,164,No,4,,None visible,None,,20,0
849696,Hossam,4.1,12,18,Active,APOS,APP,Unverified,iLuv2Eat,141,No,2.6,,"Just Eat, Uber Eats, Deliveroo",Others,iLuv2Eat,20,0
866239,Hossam,2.1,7,18,Active,APOS,APP,Unverified,OrderYoYo,48,No,4.6,,Just Eat,Order YOYO,,20,0
808964,Kareem,5.9,5,22,Active,EPOS,APP,Unverified,order yoyo,139,No,3.2,,None visible,Order YOYO,,20,11
810136,Kareem,5.8,10,0,Active,APOS,APP,Not found,,,,,,Uber Eats,None,,20,0
814226,Kareem,5.5,0,17,Active,EPOS,None,Verified,,146,No,3.7,,"Just Eat, Uber Eats",None,,20,3
868577,Hossam,2.5,7,18,Active,APOS,None,Unverified,,28,Yes,3.2,No website button,"Just Eat, Uber Eats, Deliveroo",None,,20,0
810854,Ibrahim,5.7,7,18,Active,EPOS,None,Unverified,startbase ltd,115,No,4.3,,Just Eat,Others,startbase ltd,20,0
874117,Hossam,1.8,7,18,Active,APOS,APP,Verified,,85,No,4.1,,Just Eat,None,,20,0
822915,Kareem,5,6,17,Active,APOS,None,Unverified,unknown,87,No,3.5,,None visible,None,,20,0
830134,Kareem,4.1,6,17,Active,APOS,APP,Unverified,order yoyo,144,No,4.2,,"Just Eat, Uber Eats, Deliveroo",Order YOYO,,20,0
848510,Kareem,4.2,6,12,Active,APOS,None,Unverified,order yoyo,162,No,3.4,,"Just Eat, Uber Eats","Order YOYO, Action prompt / Feed Me Online",,20,34
859960,Kareem,3.5,0,0,Active,APOS,None,Verified,,79,No,3.7,,"Just Eat, Uber Eats, Deliveroo",None,,20,0
827169,Ibrahim,4.11,6,12,Active,APOS,PDQ,Verified,,108,No,4,,Just Eat,Others,Theme Group,20,0
829253,Ibrahim,4.11,6,12,Active,APOS,APP,Verified,,21,No,3.5,,Just Eat,None,,20,7
857123,Ibrahim,3.7,0,0,Deactivated,APOS,None,Unverified,unknown,814,No,4.1,,Just Eat,Others,unknown,20,0
857672,Ibrahim,3.7,12,23,Active,EPOS,APP,Unverified,order yoyo,813,No,4.5,,Just Eat,"Order YOYO, Others",Bites of Nepal,20,0
867526,Ibrahim,2.7,1,1,Active,APOS,None,Unverified,action prompt ltd,135,No,4.1,,Just Eat,"Action prompt / Feed Me Online, Others",The FoodHouse,20,27
868480,Ibrahim,2.5,12,23,Active,APOS,None,Unverified,MealDash,205,No,4.2,,"Just Eat, Uber Eats",Others,"MealDash, adeo group",20,0
868853,Ibrahim,2.5,7,18,Active,APOS,None,Verified,,97,No,3.3,,None visible,None,,20,0
795123,Hossam,7.6,11,23,Active,EPOS,None,Verified,,121,No,3.8,,"Just Eat, Uber Eats, Deliveroo",None,,21,0
796758,Hossam,7.3,2,15,Active,APOS,None,Verified,,67,No,3.1,,"Just Eat, Uber Eats, Deliveroo",None,,21,0
797142,Hossam,7.2,11,18,Deactivated,EPOS,APP,Unverified,OrderYoYo,8,No,2.5,,"Just Eat, Uber Eats",Order YOYO,,21,2
797964,Tarek,6.11,7,18,Active,APOS,None,Unverified,himself,110,No,2.5,,"Just Eat, Uber Eats, Deliveroo",None,,21,0
798276,Tarek,6.11,6,15,Active,APOS,APP,Unverified,order yoyo,103,No,3.9,,"Just Eat, Uber Eats, Deliveroo",Order YOYO,,21,2
803425,Hossam,6.3,0,17,Active,APOS,APP,Verified,,57,No,3.2,,None visible,None,,21,5
804073,Tarek,6.2,2,3,Active,APOS,None,Verified,,135,No,4.3,,"Just Eat, Uber Eats, Deliveroo",First Choice,,21,0
830115,Hossam,4.1,6,17,Active,APOS,PDQ,Unverified,OrderYoYo,796,No,4,,Just Eat,Order YOYO,,21,0
796779,Kareem,7.3,12,20,Deactivated,EPOS,None,Unverified,,148,Yes,4.3,This site can’t be reached,None visible,None,,21,0
797859,Kareem,7,12,18,Active,EPOS,"PDQ, APP, Third party integration",Verified,,100,No,3.4,,"Just Eat, Uber Eats, Deliveroo",None,,21,89
838124,Hossam,4.5,7,18,Active,APOS,PDQ,Verified,,176,No,3.1,,"Just Eat, Deliveroo",None,,21,10
807584,Kareem,5.1,2,5,Active,APOS,APP,Unverified,choogoo,144,No,4.2,,Just Eat,Others,choogoo,21,28
807681,Kareem,5.11,6,12,Active,APOS,None,Unverified,unknwon,129,No,4.4,,Uber Eats,None,,21,0
856939,Hossam,3.7,12,23,Active,EPOS,None,Unverified,FMO / ActionPrompt,67,No,3.7,,"Just Eat, Uber Eats, Deliveroo",Action prompt / Feed Me Online,,21,63
863195,Hossam,3.2,7,18,Active,APOS,APP,Unverified,FMO / ActionPrompt,105,No,4.1,,"Just Eat, Uber Eats",Action prompt / Feed Me Online,,21,0
810815,Kareem,5.7,0,0,Active,EPOS,"PDQ, APP",Verified,,92,No,4,,Just Eat,None,,21,0
813522,Kareem,5.5,0,0,Active,APOS,APP,Unverified,gurbdirect ltd,228,No,4.3,,None visible,None,,21,0
811036,Ibrahim,5.7,7,18,Active,EPOS,PDQ,Verified,,290,No,4.4,,"Just Eat, Uber Eats, Deliveroo",None,,21,0
875156,Hossam,1.5,12,23,Active,EPOS,"APP, Third party integration",Verified,,233,No,4.7,,"Just Eat, Uber Eats",None,,21,41
821217,Kareem,5.1,6,12,Active,APOS,None,Verified,,58,No,3.2,,Just Eat,None,,21,0
826310,Kareem,4.11,12,17,Active,EPOS,APP,Verified,,45,No,3.5,,"Just Eat, Uber Eats",None,,21,4
838981,Kareem,4.5,1,0,Active,EPOS,None,Verified,,78,No,4.1,,"Just Eat, Uber Eats",None,,21,0
861041,Kareem,3.4,7,13,Active,APOS,None,Verified,,84,Yes,4.2,,"Uber Eats, Other",None,,21,0
838295,Ibrahim,4.5,1,0,Deactivated,APOS,None,Verified,,236,No,4,,Deliveroo,Others,#,21,0
838854,Ibrahim,4.5,0,0,Active,APOS,PDQ,Verified,,428,No,4.6,,None visible,None,,21,47
869909,Kareem,2.3,7,18,Active,APOS,None,Verified,,37,No,3.9,,Just Eat,None,,21,0
848475,Ibrahim,4.2,0,0,Deactivated,APOS,None,Verified,,47,No,3.6,,Just Eat,None,,21,0
867132,Ibrahim,2.8,12,23,Active,APOS,None,Unverified,unknown,317,No,4.6,,Just Eat,Others,unknown,21,0
2351,Hossam,11.1,12,23,Active,EPOS,None,Verified,,131,No,4.3,,Just Eat,None,,22,51
794005,Ibrahim,7.1,12,23,Active,EPOS,None,Unverified,Ordara,149,No,3.5,,"Just Eat, Uber Eats",Others,Ordara,22,0
794619,Ibrahim,7.7,5,23,Active,EPOS,APP,Verified,,200,No,3.5,,"Just Eat, Deliveroo",None,,22,0
9255,Kareem,8.9,7,18,Active,EPOS,"PDQ, APP",Unverified,Eatzy,186,No,3.1,,Deliveroo,Others,Eatzy,22,0
792209,Kareem,8.5,7,18,Active,EPOS,None,Unverified,Z pos,263,No,4.6,,Uber Eats,Others,Z pos,22,0
797061,Ibrahim,7.2,0,20,Active,EPOS,None,Verified,,546,No,4.7,,Just Eat,None,,22,0
807572,Hossam,5.11,7,18,Active,APOS,None,Unverified,None,173,Yes,4.3,No website button,"Just Eat, Uber Eats",None,,22,0
809333,Hossam,5.9,5,17,Active,EPOS,APP,Unverified,Native website,383,No,4,,"Just Eat, Uber Eats, Deliveroo",None,,22,0
822872,Hossam,5,6,17,Active,APOS,None,Verified,,141,No,4.2,,"Just Eat, Uber Eats, Deliveroo",None,,22,0
826922,Hossam,4.11,6,12,Active,APOS,None,Unverified,OrderE,39,No,3.7,,"Just Eat, Uber Eats",Others,OrderE,22,0
795352,Kareem,7.6,0,10,Active,APOS,APP,Unverified,Yummy Takeaway,358,No,4.2,,"Just Eat, Deliveroo",Others,Yummy takaway,22,9
802391,Tarek,6.4,0,0,Active,APOS,APP,Verified,,62,Yes,4,shows as closed,Uber Eats,First Choice,,22,0
803655,Tarek,6.2,7,18,Active,APOS,None,Unverified,dine order,31,No,3.5,,"Just Eat, Uber Eats",Dine Order / Kuick,,22,4
803684,Tarek,6.2,5,17,Active,APOS,None,Unverified,order yoyo,512,No,4.6,,None visible,Order YOYO,,22,0
836040,Hossam,4.6,6,12,Active,APOS,None,Verified,,512,No,4.2,,"Just Eat, Uber Eats, Deliveroo",None,,22,0
797512,Kareem,7.1,7,18,Active,APOS,"PDQ, APP",Verified,,83,No,3.7,,Just Eat,None,,22,17
836845,Hossam,4.6,6,17,Deactivated,APOS,None,Verified,,80,No,3,,None visible,None,,22,0
802466,Ibrahim,6.5,2,15,Active,EPOS,None,Unverified,ALL EAT,99,No,3.5,,Just Eat,Others,ALL EAT,22,0
803952,Ibrahim,6.2,2,2,Active,EPOS,None,Verified,,77,No,3.8,,"Just Eat, Uber Eats, Deliveroo",None,,22,0
808591,Kareem,5.1,1,12,Active,APOS,None,Unverified,unknown,725,No,4.3,,Just Eat,None,,22,0
858177,Hossam,3.6,7,18,Active,APOS,None,Verified,,198,No,4.5,,"Just Eat, Uber Eats, Deliveroo",None,,22,0
811244,Tarek,5.7,0,17,Active,APOS,APP,Unverified,none,14,No,4.1,,Other,None,,22,0
809768,Kareem,5.8,6,12,Deactivated,APOS,"PDQ, APP",Verified,,339,No,4.5,,None visible,None,,22,0
810973,Kareem,5.7,12,17,Active,EPOS,None,Unverified,unknown,188,No,4.4,,None visible,None,,22,2
874658,Hossam,1.6,7,18,Active,APOS,None,Verified,,251,No,4.7,,"Just Eat, Deliveroo",None,,22,0
876661,Hossam,1.2,0,18,Active,APOS,None,Verified,,94,No,5,,Just Eat,None,,22,0
822181,Kareem,5.1,12,23,Active,EPOS,"PDQ, APP",Unverified,feedme online,153,No,4,,Just Eat,Action prompt / Feed Me Online,,22,0
832130,Kareem,49,6,12,Active,APOS,PDQ,Unverified,unknown,303,No,4.8,,Deliveroo,None,,22,0
839227,Kareem,4.5,6,12,Active,APOS,None,Unverified,dine order,105,No,3.9,,Just Eat,Dine Order / Kuick,,22,0
864296,Kareem,3.1,12,32,Active,EPOS,None,Unverified,,174,Yes,4.4,error,"Just Eat, Other",None,,22,0
866669,Kareem,2.9,12,23,Active,EPOS,None,Not found,,,,,,None visible,None,,22,53
821058,Ibrahim,5.2,6,12,Deactivated,APOS,PDQ,Verified,,141,No,3,,"Just Eat, Uber Eats",None,,22,0
839801,Ibrahim,4.5,7,18,Active,APOS,APP,Verified,,50,No,2.5,,"Just Eat, Uber Eats, Deliveroo",None,,22,1
843745,Ibrahim,5.4,12,22,Active,EPOS,APP,Verified,,232,No,4,,"Just Eat, Uber Eats",None,,22,0
858587,Ibrahim,3.6,12,23,Active,EPOS,None,Verified,,1900,No,4.7,,"Just Eat, Deliveroo",None,,22,0
7258,Hossam,9.6,2,10,Active,APOS,APP,Unverified,Native webiste,440,No,3,,"Just Eat, Deliveroo",None,,23,0
795409,Tarek,7.6,12,222,Active,EPOS,"PDQ, APP",Verified,,71,No,4.5,,"Just Eat, Uber Eats, Deliveroo",None,,23,5
796870,Tarek,7.2,12,17,Active,EPOS,APP,Unverified,himself,60,No,3.2,,"Just Eat, Uber Eats",Others,,23,0
798860,Hossam,6.9,7,18,Active,APOS,None,Verified,,215,No,3.6,,"Just Eat, Deliveroo",None,,23,0
802075,Hossam,6.5,7,18,Active,APOS,PDQ,Unverified,Delivery Guru,99,No,4,,"Just Eat, Uber Eats",Others,Guru,23,0
809162,Hossam,5.9,6,17,Active,APOS,PDQ,Verified,,266,No,4.8,,None visible,None,,23,0
820246,Hossam,5.1,6,17,Active,APOS,None,Verified,,828,No,4.6,,"Just Eat, Deliveroo",None,,23,0
793544,Kareem,7.11,12,20,Active,EPOS,APP,Verified,,53,No,3.5,,"Just Eat, Uber Eats, Deliveroo",Order YOYO,,23,13
802254,Tarek,6.5,12,23,Active,EPOS,APP,Verified,,191,No,3.6,,"Just Eat, Uber Eats, Deliveroo",First Choice,,23,74
829533,Hossam,4.1,12,23,Deactivated,EPOS,"PDQ, APP",Verified,,36,No,3.2,,Just Eat,None,,23,87
798890,Kareem,6.1,12,20,Active,EPOS,APP,Verified,,78,No,41,,Just Eat,Order YOYO,,23,2
801063,Kareem,6.6,12,17,Active,EPOS,None,Unverified,Foodoo,56,No,3.9,,None visible,Others,Foodoo,23,0
855769,Hossam,3.8,7,18,Active,APOS,None,Unverified,Native website,312,No,4.6,,Just Eat,None,,23,0
809152,Tarek,5.9,1,23,Active,EPOS,PDQ,Unverified,order yoyo,29,No,3.4,,"Just Eat, Uber Eats",Order YOYO,,23,25
812770,Kareem,5.6,0,0,Active,APOS,PDQ,Verified,,633,No,4.4,,"Uber Eats, Deliveroo",None,,23,0
868264,Hossam,2.6,7,18,Active,APOS,None,Unverified,FMO / ActionPrompt,99,No,3.4,,"Just Eat, Uber Eats",Action prompt / Feed Me Online,,23,0
871995,Hossam,2,7,18,Active,APOS,APP,Unverified,gksoft,79,No,4.4,,"Just Eat, Deliveroo",Others,gksoft,23,0
872449,Hossam,1.11,12,23,Active,EPOS,"PDQ, APP",Verified,,79,No,3.4,,"Just Eat, Uber Eats",None,,23,0
874151,Hossam,1.7,12,23,Active,EPOS,APP,Verified,,10,No,4.2,,"Just Eat, Uber Eats, Deliveroo",None,,23,15
875652,Hossam,1.4,7,18,Deactivated,APOS,None,Verified,,91,No,3,,"Just Eat, Uber Eats",None,,23,0
820806,Kareem,5.2,11,17,Deactivated,EPOS,APP,Verified,,104,No,4.4,,"Just Eat, Deliveroo",Action prompt / Feed Me Online,,23,0
840539,Kareem,4.5,12,23,Active,EPOS,"PDQ, APP",Verified,,138,No,3.6,,"Just Eat, Uber Eats",None,,23,1
844787,Kareem,4.4,7,13,Deactivated,APOS,APP,Verified,,390,No,3.7,,"Just Eat, Uber Eats",None,,23,0
867694,Kareem,2.7,2,23,Active,EPOS,None,Verified,,85,No,4.2,,"Just Eat, Uber Eats",None,,23,0
836296,Ibrahim,4.6,6,12,Deactivated,APOS,PDQ,Verified,,77,No,4.3,,"Just Eat, Deliveroo",None,,23,0
864926,Ibrahim,3,12,23,Active,EPOS,PDQ,Verified,,26,Yes,4.8,permanently closed,"Just Eat, Uber Eats",None,,23,3
869229,Ibrahim,2.3,7,18,Active,APOS,None,Unverified,unknown,1900,No,4.8,,Just Eat,Others,unknown,23,1
797581,Tarek,7,7,18,Active,APOS,None,Unverified,himself,38,No,3.8,,"Just Eat, Uber Eats",Others,,24,0
797581,Tarek,7,7,18,Active,APOS,None,Unverified,himself,38,No,3.8,,"Just Eat, Uber Eats, Deliveroo",None,,24,0
798719,Hossam,6.1,12,20,Active,EPOS,None,Verified,,119,No,3.6,,"Just Eat, Uber Eats",None,,24,0
799293,Hossam,6.9,6,15,Deactivated,APOS,None,Unverified,Native website,147,No,3.1,,"Just Eat, Uber Eats",None,,24,89
799354,Tarek,6.9,6,10,Active,APOS,APP,Unverified,himself,266,No,4.9,,"Just Eat, Uber Eats, Deliveroo",None,,24,0
811018,Hossam,5.7,7,18,Active,APOS,None,Unverified,FMO / ActionPrompt,143,No,3.8,,"Just Eat, Uber Eats",Action prompt / Feed Me Online,,24,0
811018,Hossam,5.7,7,18,Active,APOS,None,Unverified,FMO / ActionPrompt,134,No,3.8,,Uber Eats,None,,24,0
799727,Ibrahim,6.8,2,18,Active,EPOS,PDQ,Verified,,33,Yes,3.4,it shows as permenantly closed,"Just Eat, Deliveroo",None,,24,0
799820,Ibrahim,6.7,2,10,Deactivated,EPOS,None,Verified,,88,Yes,4.2,there is no website button at the google page,Just Eat,None,,24,0
815345,Hossam,5.5,0,0,Active,APOS,PDQ,Verified,,44,No,4.7,,Just Eat,None,,24,0
826154,Hossam,4.11,12,17,Active,EPOS,None,Unverified,Native website,338,No,4.2,,None visible,None,,24,0
793263,Kareem,6.7,3,8,Deactivated,APOS,APP,Verified,,95,No,3.5,,"Just Eat, Uber Eats, Deliveroo",None,,24,0
830448,Hossam,4.1,6,12,Active,APOS,None,Verified,,64,No,4.1,,"Just Eat, Deliveroo",None,,24,0
832637,Hossam,4.8,6,17,Active,APOS,None,Verified,,181,No,4.1,,"Just Eat, Deliveroo",None,,24,0
850003,Hossam,4,0,0,Deactivated,APOS,None,Unverified,FMO / ActionPrompt,32,No,4.3,,"Just Eat, Uber Eats",Action prompt / Feed Me Online,,24,0
807189,Ibrahim,5.11,7,18,Active,EPOS,None,Unverified,max9.co.uk,257,No,4.5,,"Just Eat, Uber Eats",Others,max9.co.uk,24,0
812988,Tarek,5.6,0,0,Deactivated,APOS,APP,Unverified,none,254,No,3.5,,"Just Eat, Uber Eats",None,,24,0
817768,Kareem,5.3,12,23,Active,EPOS,None,Verified,,101,No,3.4,,"Just Eat, Uber Eats, Deliveroo",None,,24,89
869279,Hossam,2.3,12,23,Active,EPOS,PDQ,Unverified,Native website,28,No,4,,"Just Eat, Deliveroo",None,,24,0
814114,Ibrahim,5.5,12,17,Active,EPOS,APP,Verified,,39,No,3.4,,"Uber Eats, Deliveroo",Order YOYO,,24,2
867992,Kareem,2.7,12,23,Active,EPOS,APP,Verified,,59,No,3.1,,"Just Eat, Deliveroo",Order YOYO,,24,1
830147,Ibrahim,4.1,7,18,Active,EPOS,APP,Verified,,41,Yes,3.5,PERMANENTLEY CLOSE,"Just Eat, Uber Eats",None,,24,2
868790,Kareem,2.4,12,23,Active,EPOS,None,Unverified,,57,No,4.9,,"Just Eat, Uber Eats",None,,24,51
756,Tarek,13.5,11,15,Active,EPOS,None,Unverified,alleatapp.,281,No,3.9,,"Just Eat, Uber Eats",None,,25,0
7463,Kareem,9.4,12,20,Active,EPOS,None,Unverified,Order yoyo,246,No,3.5,,"Just Eat, Uber Eats",Order YOYO,,25,71
796614,Hossam,7.3,5,10,Active,APOS,PDQ,Unverified,FMO / ActionPrompt,2,No,5,,"Just Eat, Uber Eats",Action prompt / Feed Me Online,,25,0
798170,Hossam,6.11,6,15,Active,APOS,None,Unverified,OrderYoYo,203,No,4.5,,Just Eat,Order YOYO,,25,0
797681,Ibrahim,7,12,23,Active,EPOS,None,Verified,,128,No,4.1,,Uber Eats,"Order YOYO, Action prompt / Feed Me Online, Others",ChefOnline Partner Restaurant,25,1
798689,Tarek,6.1,6,10,Active,APOS,None,Verified,,63,No,3.2,,"Just Eat, Uber Eats",None,,25,0
804994,Hossam,6.2,7,18,Active,APOS,PDQ,Unverified,gogrubz,12,No,4.1,,"Just Eat, Uber Eats",None,gogrubz,25,0
833090,Hossam,4.8,7,18,Active,APOS,None,Verified,,135,No,3.3,,"Just Eat, Uber Eats",None,,25,2
839976,Hossam,4.5,0,0,Deactivated,Web Only,None,Unverified,OrderYoYo,132,No,4.1,,"Just Eat, Uber Eats",Order YOYO,,25,0
851138,Hossam,4,7,13,Active,APOS,APP,Unverified,Kukd Ltd,93,No,2.5,,Just Eat,Others,Kukd Ltd,25,0
803535,Kareem,6.2,6,17,Active,APOS,None,Unverified,mealzo,72,No,3.4,,Just Eat,Melzo,,25,0
808235,Kareem,5.1,12,17,Active,EPOS,None,Verified,,135,No,4,,None visible,None,,25,27
858697,Hossam,3.6,0,0,Deactivated,Web Only,None,Verified,,14,No,4.7,,Uber Eats,None,,25,0
818463,Kareem,5.2,6,12,Active,APOS,PDQ,Verified,,143,No,4.3,,"Just Eat, Uber Eats",None,,25,0
812113,Ibrahim,5.7,0,17,Deactivated,EPOS,PDQ,Verified,,157,No,3.6,,None visible,None,,25,0
854714,Kareem,3.9,0,0,Deactivated,APOS,None,Verified,,104,No,3.4,,"Just Eat, Uber Eats, Other",None,,25,0
820087,Ibrahim,5.2,6,12,Active,EPOS,APP,Unverified,All Eat App,44,No,4.3,,Just Eat,Others,All Eat App,25,0
825051,Ibrahim,5,7,13,Active,APOS,APP,Unverified,ORDER YOYO,158,No,3.8,,Just Eat,Order YOYO,,25,0
831987,Ibrahim,4.9,12,22,Active,EPOS,PDQ,Unverified,DINE ORDER,318,No,3.8,,Just Eat,Dine Order / Kuick,,25,37
7201,Ibrahim,9,12,15,Active,EPOS,"PDQ, APP",Unverified,Action Prompt,140,No,2.8,,"Just Eat, Uber Eats",Action prompt / Feed Me Online,,26,0
794625,Tarek,7.7,12,20,Active,EPOS,APP,Unverified,order yoyo,189,No,3.7,,Just Eat,Order YOYO,,26,2
802266,Hossam,6.4,6,15,Active,APOS,None,Verified,,293,No,4.1,,"Just Eat, Uber Eats",None,,26,0
800392,Ibrahim,6.7,12,20,Active,EPOS,APP,Unverified,ORDER YOYO,138,No,3.8,,Just Eat,Order YOYO,,26,51
824429,Hossam,5,12,22,Active,EPOS,None,Unverified,Native website,247,No,4.4,,Just Eat,None,,26,29
795526,Kareem,7.6,7,18,Active,APOS,None,Verified,,113,No,3.8,,Uber Eats,None,,26,62
803681,Kareem,6.2,2,17,Active,APOS,"PDQ, APP",Verified,,119,No,4.3,,Just Eat,None,,26,0
807616,Ibrahim,5.11,2,17,Active,EPOS,None,Unverified,SEVENROOMS,360,No,4.4,,None visible,Others,SEVENROOMS,26,0
807250,Tarek,5.11,0,22,Active,EPOS,None,Verified,,74,No,3.1,,Just Eat,First Choice,,26,56
809849,Tarek,5.8,7,18,Active,APOS,None,Unverified,himself,266,No,3.3,,"Just Eat, Uber Eats",None,,26,0
809849,Tarek,5.8,7,18,Active,APOS,None,Unverified,himself,266,No,3.3,,Other,Others,,26,0
809393,Kareem,5.9,7,18,Active,APOS,PDQ,Verified,,432,No,4.1,,Just Eat,None,,26,0
810405,Kareem,5.8,6,12,Active,APOS,None,Unverified,GK soft,296,No,4.4,,None visible,None,,26,0
867307,Hossam,2.8,7,18,Active,APOS,None,Verified,,418,No,4.2,,"Just Eat, Uber Eats, Deliveroo",None,,26,0
868037,Hossam,2.6,7,18,Active,APOS,APP,Verified,,8,No,2.6,,"Just Eat, Uber Eats",None,,26,8
869162,Hossam,2.3,12,23,Active,EPOS,PDQ,Verified,,344,No,4.9,,"Just Eat, Uber Eats",None,,26,0
874546,Hossam,1.6,12,23,Active,EPOS,APP,Verified,,46,No,5,,Just Eat,None,,26,1
855145,Kareem,3.9,7,18,Active,APOS,"APP, Third party integration",Verified,,539,No,4.5,,"Just Eat, Deliveroo",Order YOYO,,26,41
833730,Ibrahim,4.8,6,12,Active,APOS,APP,Unverified,order yoyo,200,No,3,,Just Eat,Order YOYO,,26,0
839931,Ibrahim,4.5,0,0,Active,EPOS,APP,Verified,,47,No,3,,"Just Eat, Deliveroo",None,,26,0
865991,Ibrahim,2.11,0,0,Deactivated,APOS,None,Verified,,27,No,4.9,,None visible,Others,unknown,26,0
592,Hossam,13.9,12,23,Active,EPOS,None,Unverified,JE / UE,222,No,4.1,,"Just Eat, Uber Eats",None,,27,0
6276,Ibrahim,10,10,15,Active,EPOS,"PDQ, APP",Unverified,Action Prompt,136,No,3.3,,Just Eat,Action prompt / Feed Me Online,,27,6
792772,Ibrahim,8,12,15,Active,EPOS,None,Unverified,DIne Order,16,No,3.6,,Deliveroo,Dine Order / Kuick,,27,28
796991,Ibrahim,7.2,7,18,Active,EPOS,None,Unverified,Dine Order,303,No,3.3,,"Just Eat, Uber Eats, Deliveroo",Dine Order / Kuick,,27,0
802650,Hossam,6.4,6,12,Active,APOS,"PDQ, APP",Verified,,179,No,3.8,,"Just Eat, Uber Eats",None,,27,2
799017,Tarek,6.9,2,23,Active,EPOS,None,Verified,,199,No,4.5,,"Just Eat, Uber Eats, Deliveroo",First Choice,,27,32
829067,Hossam,4.1,6,17,Active,APOS,None,Verified,,74,No,4.3,,Just Eat,None,,27,0
796933,Kareem,7.2,2,15,Active,APOS,None,Verified,,193,No,3.8,,"Just Eat, Deliveroo",None,,27,0
805459,Tarek,6.1,0,0,Active,APOS,PDQ,Verified,,81,No,4,,Other,First Choice,,27,0
837758,Hossam,4.5,0,0,Deactivated,APOS,None,Verified,,141,No,3.7,,"Just Eat, Uber Eats, Deliveroo",None,,27,0
802562,Ibrahim,6.4,2,15,Active,EPOS,None,Verified,,59,No,3.6,,"Just Eat, Uber Eats",None,,27,0
848767,Hossam,4.1,7,18,Active,APOS,APP,Unverified,,43,No,2.8,,"Just Eat, Uber Eats",Others,MealDash,27,0
855064,Hossam,3.9,7,18,Active,APOS,Third party integration,Unverified,,25,No,4.8,,"Just Eat, Uber Eats",None,,27,1
861112,Hossam,3.4,0,0,Active,Web Only,None,Unverified,OrderYoYo,88,No,4.6,,"Just Eat, Uber Eats, Deliveroo",None,,27,0
864836,Hossam,3,12,23,Active,EPOS,"PDQ, APP, Third party integration",Verified,,39,No,4.1,,"Just Eat, Uber Eats, Deliveroo",None,,27,11
812591,Kareem,5.6,12,23,Active,EPOS,APP,Verified,,80,No,3.3,,"Just Eat, Uber Eats",None,,27,0
867286,Hossam,2.8,7,18,Active,APOS,None,Unverified,,138,Yes,4.3,Website unavailable,"Just Eat, Uber Eats, Deliveroo",None,,27,0
816822,Kareem,5.3,6,17,Active,APOS,None,Verified,,215,No,4.3,,Just Eat,Others,Scoffable,27,1
811209,Ibrahim,5.7,6,17,Active,EPOS,PDQ,Unverified,unknown,37,No,3.5,,"Just Eat, Uber Eats",Order YOYO,,27,0
821612,Kareem,5.1,6,12,Active,APOS,"PDQ, APP",Unverified,order yoyo,144,No,4.4,,"Just Eat, Uber Eats",Order YOYO,,27,0
861127,Kareem,3.4,7,13,Active,APOS,APP,Unverified,,363,No,4.5,,None visible,None,,27,0
862119,Kareem,3.3,7,18,Active,APOS,None,Unverified,order yoyo,111,No,4.4,,"Just Eat, Uber Eats, Deliveroo",Order YOYO,,27,0
818585,Ibrahim,5.2,6,17,Active,EPOS,None,Unverified,unknown,1700,No,4.5,,Just Eat,Others,unknown,27,52
824850,Ibrahim,5,6,17,Active,APOS,"PDQ, APP",Unverified,ORDER YOYO,189,No,4,,Deliveroo,Others,KUKD.COM,27,0
844179,Ibrahim,4.4,0,0,Active,APOS,PDQ,Unverified,order yoyo,90,Yes,4.4,permanently closed,"Just Eat, Uber Eats",None,,27,33
795534,Ibrahim,7.5,12,20,Active,EPOS,APP,Unverified,Action Prompt LTD,96,No,3.6,,Just Eat,Others,"Action Prompt LTD, Scoffable",28,15
797083,Tarek,7.2,7,18,Active,APOS,APP,Verified,,162,No,4.2,,Just Eat,First Choice,,28,0
798536,Hossam,6.1,6,15,Active,APOS,APP,Unverified,Eatzy,193,No,3.7,,"Just Eat, Uber Eats",None,,28,28
797596,Ibrahim,7,7,13,Active,EPOS,None,Verified,,8,No,4.3,,None visible,None,,28,39
798467,Tarek,6.1,6,17,Active,APOS,APP,Unverified,himself,51,No,3.6,,"Just Eat, Uber Eats, Deliveroo",None,,28,16
800875,Tarek,6.6,7,18,Deactivated,APOS,APP,Unverified,FMO,170,No,3.9,,Just Eat,None,FMO,28,0
809785,Hossam,5.8,7,18,Active,APOS,None,Verified,,405,No,4.4,,"Just Eat, Uber Eats",None,,28,0
810403,Hossam,5.9,12,23,Active,EPOS,None,Unverified,FMO / ActionPrompt,64,No,4.5,,"Just Eat, Uber Eats, Deliveroo",Action prompt / Feed Me Online,,28,62
800875,Tarek,6.6,7,18,Deactivated,APOS,APP,Unverified,FMO,170,No,3.9,,Other,Others,,28,0
825741,Hossam,4.11,6,17,Active,APOS,None,Unverified,stratbase ltd,596,No,4.5,,Just Eat,Others,stratbase,28,0
797170,Kareem,7.2,7,18,Active,APOS,APP,Verified,,184,No,4,,"Just Eat, Uber Eats, Deliveroo",None,,28,0
843848,Hossam,4.4,0,0,Active,Web Only,PDQ,Verified,,13,No,4.8,,None visible,None,,28,0
848502,Hossam,4.2,7,18,Active,APOS,None,Verified,,49,No,3,,Uber Eats,None,,28,0
853131,Hossam,3.1,12,23,Active,EPOS,"APP, Third party integration",Unverified,,50,Yes,3.8,No website button,"Just Eat, Uber Eats, Deliveroo",Action prompt / Feed Me Online,,28,61
803641,Ibrahim,6.2,12,22,Active,EPOS,APP,Verified,,77,No,3.3,,"Just Eat, Deliveroo",None,,28,0
806879,Ibrahim,6,7,18,Active,EPOS,None,Verified,,302,No,3.9,,"Just Eat, Uber Eats",None,,28,0
807702,Ibrahim,5.11,6,12,Deactivated,EPOS,None,Unverified,ORDER YOYO,127,No,4.1,,"Just Eat, Uber Eats",Order YOYO,,28,0
808498,Tarek,5.1,2,5,Active,APOS,None,Verified,,173,No,3.5,,"Just Eat, Deliveroo",First Choice,,28,0
865223,Hossam,3,7,18,Active,APOS,None,Unverified,Native website,133,No,4.9,,Just Eat,None,,28,0
872731,Hossam,2.1,7,18,Active,APOS,None,Verified,,179,No,4.6,,None visible,None,,28,0
873714,Hossam,1.8,7,18,Active,APOS,APP,Verified,,80,No,3.8,,"Just Eat, Uber Eats, Deliveroo",None,,28,0
874254,Hossam,1.7,7,18,Active,APOS,None,Unverified,OrderE,295,No,4.1,,"Just Eat, Deliveroo",Others,OrderE,28,0
816957,Ibrahim,5.4,12,23,Active,EPOS,None,Unverified,Action Prompt Ltd,89,No,4.1,,"Just Eat, Deliveroo","Order YOYO, Action prompt / Feed Me Online, Others",startbase ltd,28,72
860812,Kareem,3.4,7,18,Deactivated,APOS,APP,Unverified,,468,No,2.7,,"Just Eat, Uber Eats",None,,28,0
868216,Kareem,2.6,7,18,Active,APOS,None,Unverified,dine order,400,No,4.7,,Just Eat,Dine Order / Kuick,,28,0
795635,Hossam,7.5,6,15,Active,APOS,None,Verified,,140,No,4,,"Just Eat, Uber Eats, Deliveroo",None,,29,1
8845,Tarek,8.11,12,20,Active,EPOS,None,Unverified,order yoyo,135,No,3.3,,"Just Eat, Uber Eats, Deliveroo",Order YOYO,,29,2
798048,Ibrahim,6.11,6,18,Active,EPOS,None,Unverified,Action Prompt LTD,123,No,3,,"Just Eat, Uber Eats",Action prompt / Feed Me Online,,29,0
798811,Tarek,6.1,7,18,Active,APOS,None,Unverified,needs VPN,137,No,2.9,,"Just Eat, Uber Eats, Deliveroo",None,,29,0
835087,Hossam,4.7,5,10,Active,APOS,APP,Verified,,1117,No,3.9,,Just Eat,None,,29,0
802688,Kareem,6.4,7,18,Active,APOS,APP,Unverified,order yoyo,55,No,3.7,,None visible,Order YOYO,,29,0
805435,Kareem,6.1,6,17,Active,EPOS,"PDQ, APP",Unverified,unknown,217,No,4.5,,None visible,None,,29,0
815163,Kareem,5.5,12,17,Active,EPOS,"PDQ, APP",Verified,,102,No,4.3,,"Uber Eats, Deliveroo",None,,29,67
872988,Hossam,1.1,7,18,Active,APOS,None,Verified,,1494,No,4.7,,"Just Eat, Uber Eats, Deliveroo",None,,29,0
815057,Ibrahim,5.5,2,17,Active,EPOS,"PDQ, APP",Verified,,150,No,4.4,,"Just Eat, Uber Eats",None,,29,0
875055,Hossam,1.5,7,18,Active,APOS,APP,Verified,,434,No,4.2,,Just Eat,None,,29,0
819838,Ibrahim,5.2,12,23,Active,EPOS,PDQ,Verified,,30,No,4.2,,None visible,None,,29,0
863760,Ibrahim,3.1,12,23,Active,EPOS,None,Unverified,tepos cloud,95,No,3.6,,"Just Eat, Uber Eats, Deliveroo",Others,tepos cloud,29,0
792818,Tarek,8.2,1,20,Active,EPOS,None,Verified,,395,No,3.9,,"Just Eat, Uber Eats, Deliveroo",None,,30,0
797042,Tarek,7.2,0,10,Active,APOS,None,Unverified,order yoyo,74,No,3.5,,"Just Eat, Uber Eats, Deliveroo",Order YOYO,,30,0
797947,Ibrahim,6.11,7,18,Deactivated,EPOS,APP,Not found,,,,,,Just Eat,None,,30,62
811191,Hossam,5.7,0,0,Active,APOS,APP,Verified,,1295,No,4.5,,Uber Eats,None,,30,0
797349,Kareem,7.1,12,23,Active,EPOS,None,Unverified,dine order,148,No,3.87,,None visible,Dine Order / Kuick,,30,0
801432,Ibrahim,6.6,12,23,Active,EPOS,"PDQ, APP",Verified,,53,No,4.7,,"Just Eat, Uber Eats, Deliveroo",None,,30,90
802375,Ibrahim,6.5,0,17,Deactivated,EPOS,None,Unverified,ORDER YOYO,115,No,4.2,,Just Eat,Order YOYO,,30,0
838642,Hossam,4.5,0,0,Active,APOS,None,Unverified,OrderYoYo,107,No,3.3,,"Just Eat, Uber Eats",Order YOYO,,30,0
804728,Kareem,6.2,6,12,Active,APOS,None,Unverified,Dolbyn Eats,100,No,3.4,,Just Eat,Others,Dolbyn Eats,30,0
806299,Kareem,6.1,0,17,Deactivated,EPOS,PDQ,Unverified,,76,Yes,3.9,unable to reach,Just Eat,None,,30,0
860995,Hossam,3.4,12,23,Active,EPOS,None,Unverified,FMO / ActionPrompt,130,No,3.7,,"Just Eat, Uber Eats",Action prompt / Feed Me Online,,30,0
872590,Hossam,1.11,12,23,Active,EPOS,None,Verified,,525,No,4.5,,None visible,None,,30,16
834455,Kareem,4.7,12,22,Active,EPOS,None,Unverified,unknown,132,No,3.6,,"Just Eat, Deliveroo",None,,30,0
795616,Tarek,0.8,7,18,Active,APOS,None,Verified,,37,No,3.4,,"Uber Eats, Deliveroo",None,,31,0
807932,Hossam,5.11,7,18,Active,APOS,APP,Verified,,230,No,3.7,,"Just Eat, Uber Eats",None,,31,0
801878,Kareem,6.5,2,15,Deactivated,APOS,APP,Verified,,38,No,4,,None visible,None,,31,0
813087,Kareem,5.6,0,0,Active,EPOS,APP,Verified,,52,No,4.2,,"Just Eat, Uber Eats, Deliveroo",None,,31,0
809772,Ibrahim,5.8,7,13,Active,EPOS,APP,Unverified,Smart Utilities Midlands,219,No,3.8,,"Just Eat, Uber Eats, Deliveroo",Others,Smart Utilities Midlands,31,0
836765,Kareem,4.6,6,12,Active,APOS,PDQ,Verified,,261,No,4.3,,Just Eat,None,,31,0
862556,Kareem,3.3,7,18,Active,APOS,APP,Unverified,,74,No,3.8,,None visible,None,,32,0
822678,Ibrahim,5.1,6,17,Active,APOS,APP,Unverified,CLKD Holdings.,263,No,4.6,,Just Eat,Others,CLKD Holdings.,32,0
805668,Hossam,6.1,7,18,Active,APOS,None,Verified,,260,No,3.7,,"Just Eat, Uber Eats, Deliveroo",None,,33,0
851984,Hossam,3.11,12,23,Active,EPOS,PDQ,Verified,,9,No,2.2,,"Just Eat, Uber Eats, Deliveroo",None,,33,5
864185,Hossam,3.1,7,18,Active,APOS,None,Verified,,115,No,3.9,,"Just Eat, Uber Eats",None,,33,0
851564,Kareem,3.11,7,13,Active,APOS,"PDQ, APP",Unverified,unknown,231,No,4.5,,Just Eat,Others,oracle gloria food,33,0
838030,Ibrahim,4.5,1,0,Active,APOS,APP,Verified,,65,No,4.6,,"Just Eat, Uber Eats, Deliveroo",None,,33,0
1026,Hossam,13.1,6,15,Deactivated,APOS,APP,Verified,,95,No,2.8,,"Just Eat, Uber Eats, Deliveroo",None,,34,64
635,Kareem,14,0,12,Deactivated,EPOS,APP,Verified,,708,No,3.6,,None visible,None,,34,0
803529,Hossam,6.2,6,13,Active,APOS,None,Unverified,OrderYoYo,149,No,3.3,,"Just Eat, Uber Eats, Deliveroo",None,,34,0
799854,Tarek,6.7,6,17,Active,APOS,APP,Unverified,order yoyo,168,No,3.6,,"Just Eat, Uber Eats, Deliveroo",Order YOYO,,34,40
815963,Hossam,5.4,12,22,Active,EPOS,"APP, Third party integration",Unverified,OrderYoYo,344,No,3.7,,"Just Eat, Uber Eats",None,,34,0
868443,Hossam,2.5,7,18,Active,APOS,None,Verified,,58,No,3.5,,Just Eat,None,,34,0
860324,Kareem,3.4,12,23,Active,EPOS,None,Unverified,,472,No,4.6,,Just Eat,None,,34,0
796538,Tarek,7.3,12,20,Active,EPOS,None,Verified,,80,No,3.8,,Just Eat,None,,35,0
810476,Hossam,5.7,12,23,Active,EPOS,None,Verified,,423,No,3.7,,"Just Eat, Uber Eats",None,,35,46
796810,Tarek,7.3,12,23,Active,EPOS,"PDQ, APP",Not found,,,,,,"Just Eat, Uber Eats, Deliveroo",Others,,36,17
797437,Tarek,7.1,12,15,Active,EPOS,"PDQ, APP",Verified,,130,Yes,3,the website button not there,"Just Eat, Uber Eats, Deliveroo",First Choice,,36,10
799368,Hossam,6.9,12,18,Active,EPOS,"PDQ, APP",Verified,,113,No,3.2,,"Just Eat, Uber Eats",None,,36,0
805204,Kareem,6.2,7,18,Active,APOS,PDQ,Unverified,unknown,109,No,2.7,,Just Eat,Melzo,,36,2
807166,Kareem,5.11,0,17,Active,APOS,None,Unverified,Gencio,193,No,4.2,,Uber Eats,None,,36,0
853620,Kareem,3.1,12,23,Deactivated,EPOS,None,Unverified,just eat,9,No,2.4,,Just Eat,None,,36,0
792960,Ibrahim,8,12,20,Active,EPOS,APP,Unverified,Biz Midlands,93,No,4.2,,Just Eat,First Choice,,37,1
859573,Ibrahim,3.5,12,23,Active,EPOS,None,Verified,,340,Yes,4.5,temporarily closed,Just Eat,None,,37,120
807665,Hossam,5.11,0,12,Active,APOS,APP,Unverified,FMO / ActionPrompt,69,No,3.7,,Just Eat,Action prompt / Feed Me Online,,38,0
826417,Hossam,4.11,6,12,Active,APOS,APP,Unverified,FMO / ActionPrompt,48,No,2.9,,"Just Eat, Uber Eats, Deliveroo",Action prompt / Feed Me Online,,38,0
814491,Ibrahim,5.5,7,18,Active,EPOS,None,Verified,,112,No,3.5,,Just Eat,Others,Gk spot,38,0
838009,Kareem,4.5,1,0,Active,APOS,APP,Unverified,blocked,61,Yes,3.1,blocked,None visible,None,,38,16
6854,Hossam,9.9,6,10,Active,APOS,None,Verified,,136,No,2.7,,None visible,None,,39,0
806994,Kareem,6,7,18,Active,APOS,APP,Verified,,130,No,4.8,,"Just Eat, Deliveroo",None,,41,0
867294,Ibrahim,2.8,7,18,Active,APOS,None,Verified,,9,No,3.9,,Just Eat,Others,foodengine.co.uk,42,0
799399,Tarek,6.9,5,15,Active,APOS,APP,Unverified,FMO,269,No,4.1,,"Just Eat, Uber Eats, Deliveroo",Others,,47,0
846393,Kareem,4.3,7,18,Deactivated,APOS,APP,Verified,,124,No,4.2,,"Uber Eats, Deliveroo",None,,57,0
806713,Hossam,6,6,17,Deactivated,APOS,None,Verified,,174,No,4.2,,"Uber Eats, Deliveroo",None,,101,1
816563,Ibrahim,5.4,6,17,Active,EPOS,APP,Verified,,78,No,3.9,,None visible,None,,103,0
792874,Hossam,8.2,12,20,Active,EPOS,APP,Verified,,247,No,4,,None visible,None,,180,116
